-- MySQL dump 10.13  Distrib 8.0.32, for macos13 (x86_64)
--
-- Host: localhost    Database: what_should_i_wear
-- ------------------------------------------------------
-- Server version	8.0.32

/*!40101 SET @OLD_CHARACTER_SET_CLIENT=@@CHARACTER_SET_CLIENT */;
/*!40101 SET @OLD_CHARACTER_SET_RESULTS=@@CHARACTER_SET_RESULTS */;
/*!40101 SET @OLD_COLLATION_CONNECTION=@@COLLATION_CONNECTION */;
/*!50503 SET NAMES utf8mb4 */;
/*!40103 SET @OLD_TIME_ZONE=@@TIME_ZONE */;
/*!40103 SET TIME_ZONE='+00:00' */;
/*!40014 SET @OLD_UNIQUE_CHECKS=@@UNIQUE_CHECKS, UNIQUE_CHECKS=0 */;
/*!40014 SET @OLD_FOREIGN_KEY_CHECKS=@@FOREIGN_KEY_CHECKS, FOREIGN_KEY_CHECKS=0 */;
/*!40101 SET @OLD_SQL_MODE=@@SQL_MODE, SQL_MODE='NO_AUTO_VALUE_ON_ZERO' */;
/*!40111 SET @OLD_SQL_NOTES=@@SQL_NOTES, SQL_NOTES=0 */;

--
-- Table structure for table `admin`
--

DROP TABLE IF EXISTS `admin`;
/*!40101 SET @saved_cs_client     = @@character_set_client */;
/*!50503 SET character_set_client = utf8mb4 */;
CREATE TABLE `admin` (
  `admin_id` int NOT NULL AUTO_INCREMENT,
  `first_name` varchar(100) DEFAULT NULL,
  `last_name` varchar(100) DEFAULT NULL,
  `email` varchar(100) DEFAULT NULL,
  `password` varchar(100) DEFAULT NULL,
  `resetPasswordToken` varchar(100) DEFAULT NULL,
  `resetPasswordExpires` datetime DEFAULT NULL,
  PRIMARY KEY (`admin_id`)
) ENGINE=InnoDB AUTO_INCREMENT=8 DEFAULT CHARSET=utf8mb4 ;
/*!40101 SET character_set_client = @saved_cs_client */;

--
-- Dumping data for table `admin`
--

LOCK TABLES `admin` WRITE;
/*!40000 ALTER TABLE `admin` DISABLE KEYS */;
INSERT INTO `admin` VALUES (1,'Test','Test','test@gmail.com','abcd@123',NULL,NULL),(2,'Meghana','Peram','meghanaperam@gmail.com','$2b$10$2OUtYInXulC4PBmmOY3jgOeau6EFAWC0W7dARbwt5SFsYtQW6OnZu',NULL,NULL),(3,'Esther','Mona','esthermona06@gmail.com','$2b$10$4nWTuIjGmNVsTeJnR8eO6eELj07QrOltAwp4Zn/DfZtcy9/ZnB2Di',NULL,NULL),(7,'Kiran','Gorantla','kiran@gmail.com','$2b$10$bSjCCec0VxuSJ/8D3nk9pOyU9NmvTmc9PReeJux79CswDdJwOdKSO',NULL,NULL);
/*!40000 ALTER TABLE `admin` ENABLE KEYS */;
UNLOCK TABLES;

--
-- Table structure for table `clothing`
--

DROP TABLE IF EXISTS `clothing`;
/*!40101 SET @saved_cs_client     = @@character_set_client */;
/*!50503 SET character_set_client = utf8mb4 */;
CREATE TABLE `clothing` (
  `clothing_id` int NOT NULL AUTO_INCREMENT,
  `clothing_type` varchar(40) NOT NULL,
  `clothing_image_path` varchar(200) NOT NULL,
  `clothing_category_id` int NOT NULL,
  PRIMARY KEY (`clothing_id`),
  KEY `fk_category` (`clothing_category_id`),
  CONSTRAINT `fk_category` FOREIGN KEY (`clothing_category_id`) REFERENCES `clothing_category` (`clothing_category_id`)
) ENGINE=InnoDB AUTO_INCREMENT=10 DEFAULT CHARSET=utf8mb4 ;
/*!40101 SET character_set_client = @saved_cs_client */;

--
-- Dumping data for table `clothing`
--

LOCK TABLES `clothing` WRITE;
/*!40000 ALTER TABLE `clothing` DISABLE KEYS */;
INSERT INTO `clothing` VALUES (1,'Heavy Mitten','http://127.0.0.1:4000/images/gloves.png',2),(2,'Long Sleeve','http://127.0.0.1:4000/images/long-sleeve.png',1),(3,'Boots','http://127.0.0.1:4000/images/boots.png',10),(4,'Sweater','http://127.0.0.1:4000/images/sweater.png',3),(5,'light pants','http://127.0.0.1:4000/images/snow.png',8),(7,'Face Mask','http://127.0.0.1:4000/images/mask.png',11),(8,'Heavy Cap','http://127.0.0.1:4000/images/beanie.png',12),(9,'Double Socks','http://127.0.0.1:4000/images/socks.png',13);
/*!40000 ALTER TABLE `clothing` ENABLE KEYS */;
UNLOCK TABLES;

--
-- Table structure for table `clothing_category`
--

DROP TABLE IF EXISTS `clothing_category`;
/*!40101 SET @saved_cs_client     = @@character_set_client */;
/*!50503 SET character_set_client = utf8mb4 */;
CREATE TABLE `clothing_category` (
  `clothing_category_id` int NOT NULL AUTO_INCREMENT,
  `category_name` varchar(100) NOT NULL,
  PRIMARY KEY (`clothing_category_id`)
) ENGINE=InnoDB AUTO_INCREMENT=14 DEFAULT CHARSET=utf8mb4 ;
/*!40101 SET character_set_client = @saved_cs_client */;

--
-- Dumping data for table `clothing_category`
--

LOCK TABLES `clothing_category` WRITE;
/*!40000 ALTER TABLE `clothing_category` DISABLE KEYS */;
INSERT INTO `clothing_category` VALUES (1,'T-Shirts'),(2,'Mittens'),(3,'Jackets'),(4,'Sweaters'),(5,'Gloves'),(7,'Shirts'),(8,'Pants'),(10,'Boots'),(11,'Mask'),(12,'Cap'),(13,'Socks');
/*!40000 ALTER TABLE `clothing_category` ENABLE KEYS */;
UNLOCK TABLES;

--
-- Table structure for table `location`
--

DROP TABLE IF EXISTS `location`;
/*!40101 SET @saved_cs_client     = @@character_set_client */;
/*!50503 SET character_set_client = utf8mb4 */;
CREATE TABLE `location` (
  `location_id` int NOT NULL AUTO_INCREMENT,
  `postal_code` int NOT NULL,
  `city` varchar(30) NOT NULL,
  `state` varchar(30) NOT NULL,
  `latitude` decimal(10,6) NOT NULL,
  `longitude` decimal(10,6) NOT NULL,
  `isAvailable` varchar(10) NOT NULL,
  PRIMARY KEY (`location_id`)
) ENGINE=InnoDB AUTO_INCREMENT=147 DEFAULT CHARSET=utf8mb4 ;
/*!40101 SET character_set_client = @saved_cs_client */;

--
-- Dumping data for table `location`
--

LOCK TABLES `location` WRITE;
/*!40000 ALTER TABLE `location` DISABLE KEYS */;
INSERT INTO `location` VALUES (1,14201,'Buffalo','NY',42.896700,-78.884600,'Yes'),(2,14202,'Buffalo','NY',42.887000,-78.877900,'Yes'),(3,14203,'Buffalo','NY',42.893900,-78.868100,'Yes'),(4,14204,'Buffalo','NY',42.884000,-78.859700,'Yes'),(5,14205,'Buffalo','NY',42.768400,-78.887100,'Yes'),(6,14206,'Buffalo','NY',42.881100,-78.810400,'Yes'),(7,14207,'Buffalo','NY',42.949100,-78.897800,'Yes'),(8,14208,'Buffalo','NY',42.915400,-78.850500,'Yes'),(9,14209,'Buffalo','NY',42.913000,-78.865600,'Yes'),(10,14210,'Buffalo','NY',42.861400,-78.820600,'Yes'),(11,14211,'Buffalo','NY',42.908200,-78.822500,'Yes'),(12,14212,'Buffalo','NY',42.894600,-78.824500,'Yes'),(13,14213,'Buffalo','NY',42.916700,-78.889500,'Yes'),(14,14214,'Buffalo','NY',42.941400,-78.837400,'Yes'),(15,14215,'Buffalo','NY',42.933500,-78.811500,'Yes'),(16,14216,'Buffalo','NY',42.949900,-78.859900,'Yes'),(17,14217,'Buffalo','NY',42.971900,-78.876900,'Yes'),(18,14218,'Buffalo','NY',42.814600,-78.807800,'Yes'),(19,14219,'Buffalo','NY',42.786300,-78.826400,'Yes'),(20,14220,'Buffalo','NY',42.844100,-78.818200,'Yes'),(21,14221,'Buffalo','NY',42.968500,-78.749200,'Yes'),(22,14222,'Buffalo','NY',42.916400,-78.876300,'Yes'),(23,14223,'Buffalo','NY',42.973100,-78.845000,'Yes'),(24,14224,'Buffalo','NY',42.837100,-78.748400,'Yes'),(25,14225,'Buffalo','NY',42.925500,-78.748100,'Yes'),(26,14226,'Buffalo','NY',42.974400,-78.794900,'Yes'),(27,14227,'Buffalo','NY',42.885300,-78.746200,'Yes'),(28,14228,'Buffalo','NY',43.040800,-78.781200,'Yes'),(29,14231,'Buffalo','NY',42.768400,-78.887100,'Yes'),(30,14233,'Buffalo','NY',42.768400,-78.887100,'Yes'),(31,14240,'Buffalo','NY',42.768400,-78.887100,'Yes'),(32,14241,'Buffalo','NY',42.938300,-78.744100,'Yes'),(33,14260,'Buffalo','NY',42.768400,-78.887100,'Yes'),(34,14261,'Buffalo','NY',42.768400,-78.887100,'Yes'),(35,14263,'Buffalo','NY',42.768400,-78.887100,'Yes'),(36,14264,'Buffalo','NY',42.885600,-78.873500,'Yes'),(37,14265,'Buffalo','NY',42.768400,-78.887100,'Yes'),(38,14266,'Buffalo','NY',42.884900,-78.826400,'Yes'),(39,14267,'Buffalo','NY',42.768400,-78.887100,'Yes'),(40,14269,'Buffalo','NY',42.768400,-78.887100,'Yes'),(41,14270,'Buffalo','NY',42.768400,-78.887100,'Yes'),(42,14271,'Buffalo','NY',42.884900,-78.826400,'Yes'),(43,14272,'Buffalo','NY',42.768400,-78.887100,'Yes'),(44,14273,'Buffalo','NY',42.755000,-78.784900,'Yes'),(45,14276,'Buffalo','NY',42.768400,-78.887100,'Yes'),(46,14280,'Buffalo','NY',42.768400,-78.887100,'Yes'),(47,60064,'North Chicago','IL',42.324700,-87.856400,'No'),(48,60086,'North Chicago','IL',42.433400,-87.776600,'No'),(49,60185,'West Chicago','IL',41.888600,-88.202200,'No'),(50,60186,'West Chicago','IL',41.839700,-88.088700,'No'),(51,60290,'Chicago','IL',41.961300,-87.884900,'No'),(52,60411,'Chicago Heights','IL',41.508700,-87.590400,'No'),(53,60412,'Chicago Heights','IL',41.811900,-87.687300,'No'),(54,60415,'Chicago Ridge','IL',41.701700,-87.777400,'No'),(55,60601,'Chicago','IL',41.885800,-87.618100,'No'),(56,60602,'Chicago','IL',41.882900,-87.632100,'No'),(57,60603,'Chicago','IL',41.879800,-87.628500,'No'),(58,60604,'Chicago','IL',41.878400,-87.633000,'No'),(59,60605,'Chicago','IL',41.871200,-87.627700,'No'),(60,60606,'Chicago','IL',41.886800,-87.638600,'No'),(61,60607,'Chicago','IL',41.872100,-87.657800,'No'),(62,60608,'Chicago','IL',41.851500,-87.669400,'No'),(63,60609,'Chicago','IL',41.809700,-87.653300,'No'),(64,60610,'Chicago','IL',41.903300,-87.633600,'No'),(65,60611,'Chicago','IL',41.897100,-87.622300,'No'),(66,60612,'Chicago','IL',41.880500,-87.687300,'No'),(67,60613,'Chicago','IL',41.954300,-87.657500,'No'),(68,60614,'Chicago','IL',41.922900,-87.648300,'No'),(69,60615,'Chicago','IL',41.802200,-87.600600,'No'),(70,60616,'Chicago','IL',41.842600,-87.630600,'No'),(71,60617,'Chicago','IL',41.725700,-87.556000,'No'),(72,60618,'Chicago','IL',41.946400,-87.704200,'No'),(73,60619,'Chicago','IL',41.745800,-87.605400,'No'),(74,60620,'Chicago','IL',41.741100,-87.654300,'No'),(75,60621,'Chicago','IL',41.775000,-87.642100,'No'),(76,60622,'Chicago','IL',41.901900,-87.677800,'No'),(77,60623,'Chicago','IL',41.849000,-87.715700,'No'),(78,60624,'Chicago','IL',41.880400,-87.722300,'No'),(79,60625,'Chicago','IL',41.970300,-87.704200,'No'),(80,60626,'Chicago','IL',42.009500,-87.668900,'No'),(81,60628,'Chicago','IL',41.693400,-87.624300,'No'),(82,60629,'Chicago','IL',41.778100,-87.706900,'No'),(83,60630,'Chicago','IL',41.969900,-87.760300,'No'),(84,60631,'Chicago','IL',41.995100,-87.808200,'No'),(85,60632,'Chicago','IL',41.809300,-87.705200,'No'),(86,60633,'Chicago','IL',41.664200,-87.561200,'No'),(87,60634,'Chicago','IL',41.946300,-87.806100,'No'),(88,60636,'Chicago','IL',41.776000,-87.667400,'No'),(89,60637,'Chicago','IL',41.781300,-87.605100,'No'),(90,60638,'Chicago','IL',41.781400,-87.770500,'No'),(91,60639,'Chicago','IL',41.920200,-87.753500,'No'),(92,60640,'Chicago','IL',41.971900,-87.662400,'No'),(93,60641,'Chicago','IL',41.945300,-87.747400,'No'),(94,60642,'Chicago','IL',41.900800,-87.652800,'No'),(95,60643,'Chicago','IL',41.699600,-87.662800,'No'),(96,60644,'Chicago','IL',41.882900,-87.758200,'No'),(97,60645,'Chicago','IL',42.008600,-87.694700,'No'),(98,60646,'Chicago','IL',41.993000,-87.759600,'No'),(99,60647,'Chicago','IL',41.920900,-87.704300,'No'),(100,60648,'Chicago','IL',42.031100,-87.816400,'No'),(101,60649,'Chicago','IL',41.762000,-87.570300,'No'),(102,60651,'Chicago','IL',41.902500,-87.739300,'No'),(103,60652,'Chicago','IL',41.745400,-87.713500,'No'),(104,60653,'Chicago','IL',41.819600,-87.612600,'No'),(105,60654,'Chicago','IL',41.892300,-87.637300,'No'),(106,60655,'Chicago','IL',41.694800,-87.703800,'No'),(107,60656,'Chicago','IL',41.973500,-87.865800,'No'),(108,60657,'Chicago','IL',41.939900,-87.652800,'No'),(109,60658,'Chicago','IL',41.670600,-87.730000,'No'),(110,60659,'Chicago','IL',41.997200,-87.716600,'No'),(111,60660,'Chicago','IL',41.990900,-87.662900,'No'),(112,60661,'Chicago','IL',41.881400,-87.643000,'No'),(113,60663,'Chicago','IL',41.811900,-87.687300,'No'),(114,60664,'Chicago','IL',41.811900,-87.687300,'No'),(115,60665,'Chicago','IL',41.811900,-87.687300,'No'),(116,60667,'Chicago','IL',41.811900,-87.687300,'No'),(117,60668,'Chicago','IL',41.811900,-87.687300,'No'),(118,60669,'Chicago','IL',41.811900,-87.687300,'No'),(119,60670,'Chicago','IL',41.811900,-87.687300,'No'),(120,60671,'Chicago','IL',41.811900,-87.687300,'No'),(121,60672,'Chicago','IL',41.811900,-87.687300,'No'),(122,60673,'Chicago','IL',41.811900,-87.687300,'No'),(123,60674,'Chicago','IL',41.811900,-87.687300,'No'),(124,60675,'Chicago','IL',41.811900,-87.687300,'No'),(125,60677,'Chicago','IL',41.811900,-87.687300,'No'),(126,60678,'Chicago','IL',41.811900,-87.687300,'No'),(127,60680,'Chicago','IL',41.811900,-87.687300,'No'),(128,60681,'Chicago','IL',41.811900,-87.687300,'No'),(129,60682,'Chicago','IL',41.837000,-87.685000,'No'),(130,60683,'Chicago','IL',41.811900,-87.687300,'No'),(131,60684,'Chicago','IL',41.811900,-87.687300,'No'),(132,60685,'Chicago','IL',41.811900,-87.687300,'No'),(133,60686,'Chicago','IL',41.875600,-87.637800,'No'),(134,60687,'Chicago','IL',41.811900,-87.687300,'No'),(135,60688,'Chicago','IL',41.872400,-87.668800,'No'),(136,60689,'Chicago','IL',41.874500,-87.635300,'No'),(137,60690,'Chicago','IL',41.811900,-87.687300,'No'),(138,60691,'Chicago','IL',41.811900,-87.687300,'No'),(139,60693,'Chicago','IL',42.096400,-87.717900,'No'),(140,60694,'Chicago','IL',41.811900,-87.687300,'No'),(141,60695,'Chicago','IL',41.883900,-87.631700,'No'),(142,60696,'Chicago','IL',41.868400,-87.664900,'No'),(143,60697,'Chicago','IL',41.811900,-87.687300,'No'),(144,60699,'Chicago','IL',41.811900,-87.687300,'No'),(145,60701,'Chicago','IL',41.811900,-87.687300,'No'),(146,60799,'Chicago Bmc','IL',42.027500,-87.808000,'No');
/*!40000 ALTER TABLE `location` ENABLE KEYS */;
UNLOCK TABLES;

--
-- Table structure for table `preference`
--

DROP TABLE IF EXISTS `preference`;
/*!40101 SET @saved_cs_client     = @@character_set_client */;
/*!50503 SET character_set_client = utf8mb4 */;
CREATE TABLE `preference` (
  `preference_id` int NOT NULL AUTO_INCREMENT,
  `preference` varchar(30) NOT NULL,
  `preference_category` varchar(40) NOT NULL,
  PRIMARY KEY (`preference_id`)
) ENGINE=InnoDB AUTO_INCREMENT=7 DEFAULT CHARSET=utf8mb4 ;
/*!40101 SET character_set_client = @saved_cs_client */;

--
-- Dumping data for table `preference`
--

LOCK TABLES `preference` WRITE;
/*!40000 ALTER TABLE `preference` DISABLE KEYS */;
INSERT INTO `preference` VALUES (1,'run','Sport'),(2,'walk','Sport'),(3,'casual','Sport'),(4,'hot','Feel'),(5,'cold','Feel');
/*!40000 ALTER TABLE `preference` ENABLE KEYS */;
UNLOCK TABLES;

--
-- Table structure for table `recommended`
--

DROP TABLE IF EXISTS `recommended`;
/*!40101 SET @saved_cs_client     = @@character_set_client */;
/*!50503 SET character_set_client = utf8mb4 */;
CREATE TABLE `recommended` (
  `recommended_id` int NOT NULL AUTO_INCREMENT,
  `clothing_id` int NOT NULL,
  `clothing_category_id` int NOT NULL,
  `apparent_temp_range_start` int NOT NULL,
  `apparent_temp_range_end` int NOT NULL,
  `preference_id` int NOT NULL,
  PRIMARY KEY (`recommended_id`),
  KEY `fk_categoryID` (`clothing_category_id`),
  KEY `fk_clothing` (`clothing_id`),
  KEY `fk_preference_id` (`preference_id`),
  CONSTRAINT `fk_categoryID` FOREIGN KEY (`clothing_category_id`) REFERENCES `clothing_category` (`clothing_category_id`),
  CONSTRAINT `fk_clothing` FOREIGN KEY (`clothing_id`) REFERENCES `clothing` (`clothing_id`),
  CONSTRAINT `fk_preference_id` FOREIGN KEY (`preference_id`) REFERENCES `preference` (`preference_id`)
) ENGINE=InnoDB AUTO_INCREMENT=15 DEFAULT CHARSET=utf8mb4 ;
/*!40101 SET character_set_client = @saved_cs_client */;

--
-- Dumping data for table `recommended`
--

LOCK TABLES `recommended` WRITE;
/*!40000 ALTER TABLE `recommended` DISABLE KEYS */;
INSERT INTO `recommended` VALUES (1,1,1,0,10,1),(2,2,1,11,20,2),(3,3,2,0,10,2),(4,4,2,11,20,1),(5,5,3,0,10,1),(6,2,1,30,50,3),(8,4,3,30,50,3),(9,5,8,30,50,3),(10,3,10,30,50,3),(11,7,11,30,50,3),(12,8,12,30,50,3),(14,9,13,30,50,3);
/*!40000 ALTER TABLE `recommended` ENABLE KEYS */;
UNLOCK TABLES;

--
-- Table structure for table `weather`
--

DROP TABLE IF EXISTS `weather`;
/*!40101 SET @saved_cs_client     = @@character_set_client */;
/*!50503 SET character_set_client = utf8mb4 */;
CREATE TABLE `weather` (
  `weather_id` int NOT NULL AUTO_INCREMENT,
  `location_id` int NOT NULL,
  `Date_Time` timestamp NOT NULL,
  `Alert` varchar(100) DEFAULT NULL,
  `Forecast` varchar(100) NOT NULL,
  `Temperature` decimal(4,2) NOT NULL,
  `DewPoint` decimal(4,2) NOT NULL,
  `HeatIndex` decimal(4,2) DEFAULT NULL,
  `WindChill` decimal(4,2) DEFAULT NULL,
  `SurfaceWind` decimal(4,2) DEFAULT NULL,
  `WindDir` varchar(20) DEFAULT NULL,
  `Gust` decimal(4,2) DEFAULT NULL,
  `SkyCover` decimal(4,2) DEFAULT NULL,
  `PrecipitationPotential` decimal(4,2) NOT NULL,
  `RelativeHumidity` decimal(4,2) NOT NULL,
  `Rain` varchar(40) DEFAULT NULL,
  `Thunder` varchar(40) DEFAULT NULL,
  `Snow` varchar(40) DEFAULT NULL,
  `FreezingRain` varchar(40) DEFAULT NULL,
  `Sleet` varchar(40) DEFAULT NULL,
  `ApparentTemp` varchar(100) DEFAULT NULL,
  PRIMARY KEY (`weather_id`)
) ENGINE=InnoDB AUTO_INCREMENT=728 DEFAULT CHARSET=utf8mb4 ;
/*!40101 SET character_set_client = @saved_cs_client */;

--
-- Dumping data for table `weather`
--

LOCK TABLES `weather` WRITE;
/*!40000 ALTER TABLE `weather` DISABLE KEYS */;
INSERT INTO `weather` VALUES (1,6,'2023-04-03 05:00:00','Thunder','Heavy Rain',12.50,8.70,15.20,10.30,6.70,'NE',8.20,70.00,8.00,72.50,NULL,NULL,NULL,NULL,NULL,NULL),(2,6,'2023-04-03 06:00:00','Thunder','Heavy Rain',12.50,8.70,15.20,10.30,6.70,'NE',8.20,70.00,8.00,72.50,NULL,NULL,NULL,NULL,NULL,NULL),(3,6,'2023-04-03 07:00:00','Thunder','Heavy Rain',12.50,8.70,15.20,10.30,6.70,'NE',8.20,70.00,8.00,72.50,NULL,NULL,NULL,NULL,NULL,NULL),(4,6,'2023-04-03 08:00:00','Thunder','Heavy Rain',12.50,8.70,15.20,10.30,6.70,'NE',8.20,70.00,8.00,72.50,NULL,NULL,NULL,NULL,NULL,NULL),(5,6,'2023-04-03 09:00:00','Thunder','Heavy Rain',12.50,8.70,15.20,10.30,6.70,'NE',8.20,70.00,8.00,72.50,NULL,NULL,NULL,NULL,NULL,NULL),(6,6,'2023-04-03 10:00:00','','Sunny',12.50,8.70,15.20,10.30,6.70,'NE',8.20,70.00,8.00,72.50,NULL,NULL,NULL,NULL,NULL,NULL),(7,6,'2023-04-03 11:00:00','','Sunny',12.50,8.70,15.20,10.30,6.70,'NE',8.20,70.00,8.00,72.50,NULL,NULL,NULL,NULL,NULL,NULL),(8,6,'2023-04-03 12:00:00','','Sunny',12.50,8.70,15.20,10.30,6.70,'NE',8.20,70.00,8.00,72.50,NULL,NULL,NULL,NULL,NULL,NULL),(9,6,'2023-04-03 13:00:00','','Sunny',12.50,8.70,15.20,10.30,6.70,'NE',8.20,70.00,8.00,72.50,NULL,NULL,NULL,NULL,NULL,NULL),(10,6,'2023-04-03 14:00:00','','Rainy',12.50,8.70,15.20,10.30,6.70,'NE',8.20,70.00,8.00,72.50,NULL,NULL,NULL,NULL,NULL,NULL),(11,6,'2023-04-03 15:00:00','','Rainy',12.50,8.70,15.20,10.30,6.70,'NE',8.20,70.00,8.00,72.50,NULL,NULL,NULL,NULL,NULL,NULL),(12,6,'2023-04-03 16:00:00','','Rainy',12.50,8.70,15.20,10.30,6.70,'NE',8.20,70.00,8.00,72.50,NULL,NULL,NULL,NULL,NULL,NULL),(13,6,'2023-04-03 17:00:00','','Windy',12.50,8.70,15.20,10.30,6.70,'NE',8.20,70.00,8.00,72.50,NULL,NULL,NULL,NULL,NULL,NULL),(14,6,'2023-04-03 18:00:00','','Rainy',12.50,8.70,15.20,10.30,6.70,'NE',8.20,70.00,8.00,72.50,NULL,NULL,NULL,NULL,NULL,NULL),(15,6,'2023-04-03 19:00:00','Thunder','Sunny',12.50,8.70,15.20,10.30,6.70,'NE',8.20,70.00,8.00,72.50,NULL,NULL,NULL,NULL,NULL,NULL),(16,6,'2023-04-03 20:00:00','Thunder','Sunny',12.50,8.70,15.20,10.30,6.70,'NE',8.20,70.00,8.00,72.50,NULL,NULL,NULL,NULL,NULL,NULL),(17,6,'2023-04-03 21:00:00','Thunder','Sunny',12.50,8.70,15.20,10.30,6.70,'NE',8.20,70.00,8.00,72.50,NULL,NULL,NULL,NULL,NULL,NULL),(18,6,'2023-04-03 22:00:00','Thunder','Sunny',12.50,8.70,15.20,10.30,6.70,'NE',8.20,70.00,8.00,72.50,NULL,NULL,NULL,NULL,NULL,NULL),(19,6,'2023-04-03 23:00:00','Thunder','Sunny',12.50,8.70,15.20,10.30,6.70,'NE',8.20,70.00,8.00,72.50,NULL,NULL,NULL,NULL,NULL,NULL),(20,6,'2023-04-04 00:00:00','Thunder','Rainy',12.50,8.70,15.20,10.30,6.70,'NE',8.20,70.00,8.00,72.50,NULL,NULL,NULL,NULL,NULL,NULL),(21,6,'2023-04-04 01:00:00','Thunder','Rainy',12.50,8.70,15.20,10.30,6.70,'NE',8.20,70.00,8.00,72.50,NULL,NULL,NULL,NULL,NULL,NULL),(22,6,'2023-04-04 02:00:00','Thunder','Rainy',12.50,8.70,15.20,10.30,6.70,'NE',8.20,70.00,8.00,72.50,NULL,NULL,NULL,NULL,NULL,NULL),(23,6,'2023-04-04 03:00:00','Thunder','Rainy',12.50,8.70,15.20,10.30,6.70,'NE',8.20,70.00,8.00,72.50,NULL,NULL,NULL,NULL,NULL,NULL),(24,6,'2023-04-04 04:00:00','Thunder','Rainy',12.50,8.70,15.20,10.30,6.70,'NE',8.20,70.00,8.00,72.50,NULL,NULL,NULL,NULL,NULL,NULL),(25,6,'2023-04-04 05:00:00','Thunder','Rainy',12.50,8.70,15.20,10.30,6.70,'NE',8.20,70.00,8.00,72.50,NULL,NULL,NULL,NULL,NULL,NULL),(26,6,'2023-04-04 06:00:00','Thunder','Rainy',12.50,8.70,15.20,10.30,6.70,'NE',8.20,70.00,8.00,72.50,NULL,NULL,NULL,NULL,NULL,NULL),(27,6,'2023-04-04 07:00:00','Thunder','Rainy',12.50,8.70,15.20,10.30,6.70,'NE',8.20,70.00,8.00,72.50,NULL,NULL,NULL,NULL,NULL,NULL),(28,6,'2023-04-04 08:00:00','Thunder','Rainy',12.50,8.70,15.20,10.30,6.70,'NE',8.20,70.00,8.00,72.50,NULL,NULL,NULL,NULL,NULL,NULL),(29,6,'2023-04-04 09:00:00','Thunder','Sunny',12.50,8.70,15.20,10.30,6.70,'NE',8.20,70.00,8.00,72.50,NULL,NULL,NULL,NULL,NULL,NULL),(30,6,'2023-04-04 10:00:00','Thunder','Sunny',12.50,8.70,15.20,10.30,6.70,'NE',8.20,70.00,8.00,72.50,NULL,NULL,NULL,NULL,NULL,NULL),(31,6,'2023-04-04 11:00:00','Thunder','Sunny',12.50,8.70,15.20,10.30,6.70,'NE',8.20,70.00,8.00,72.50,NULL,NULL,NULL,NULL,NULL,NULL),(32,6,'2023-04-04 12:00:00','Thunder','Sunny',12.50,8.70,15.20,10.30,6.70,'NE',8.20,70.00,8.00,72.50,NULL,NULL,NULL,NULL,NULL,NULL),(33,6,'2023-04-04 13:00:00','Thunder','Sunny',12.50,8.70,15.20,10.30,6.70,'NE',8.20,70.00,8.00,72.50,NULL,NULL,NULL,NULL,NULL,NULL),(34,6,'2023-04-04 14:00:00','Thunder','Sunny',12.50,8.70,15.20,10.30,6.70,'NE',8.20,70.00,8.00,72.50,NULL,NULL,NULL,NULL,NULL,NULL),(35,6,'2023-04-04 15:00:00','Thunder','Sunny',12.50,8.70,15.20,10.30,6.70,'NE',8.20,70.00,8.00,72.50,NULL,NULL,NULL,NULL,NULL,NULL),(36,6,'2023-04-04 16:00:00','Thunder','Sunny',12.50,8.70,15.20,10.30,6.70,'NE',8.20,70.00,8.00,72.50,NULL,NULL,NULL,NULL,NULL,NULL),(37,6,'2023-04-04 17:00:00','Thunder','Sunny',12.50,8.70,15.20,10.30,6.70,'NE',8.20,70.00,8.00,72.50,NULL,NULL,NULL,NULL,NULL,NULL),(38,6,'2023-04-04 18:00:00','Thunder','Sunny',12.50,8.70,15.20,10.30,6.70,'NE',8.20,70.00,8.00,72.50,NULL,NULL,NULL,NULL,NULL,NULL),(39,6,'2023-04-04 19:00:00','Thunder','Sunny',12.50,8.70,15.20,10.30,6.70,'NE',8.20,70.00,8.00,72.50,NULL,NULL,NULL,NULL,NULL,NULL),(40,6,'2023-04-04 20:00:00','Thunder','Sunny',12.50,8.70,15.20,10.30,6.70,'NE',8.20,70.00,8.00,72.50,NULL,NULL,NULL,NULL,NULL,NULL),(41,6,'2023-04-04 21:00:00','Thunder','Sunny',12.50,8.70,15.20,10.30,6.70,'NE',8.20,70.00,8.00,72.50,NULL,NULL,NULL,NULL,NULL,NULL),(42,6,'2023-04-04 22:00:00','Thunder','Sunny',12.50,8.70,15.20,10.30,6.70,'NE',8.20,70.00,8.00,72.50,NULL,NULL,NULL,NULL,NULL,NULL),(43,6,'2023-04-04 23:00:00','Thunder','Sunny',12.50,8.70,15.20,10.30,6.70,'NE',8.20,70.00,8.00,72.50,NULL,NULL,NULL,NULL,NULL,NULL),(44,6,'2023-04-05 00:00:00','Thunder','Sunny',12.50,8.70,15.20,10.30,6.70,'NE',8.20,70.00,8.00,72.50,NULL,NULL,NULL,NULL,NULL,NULL),(45,6,'2023-04-05 01:00:00','Thunder','Sunny',12.50,8.70,15.20,10.30,6.70,'NE',8.20,70.00,8.00,72.50,NULL,NULL,NULL,NULL,NULL,NULL),(46,6,'2023-04-05 02:00:00','Thunder','Sunny',12.50,8.70,15.20,10.30,6.70,'NE',8.20,70.00,8.00,72.50,NULL,NULL,NULL,NULL,NULL,NULL),(47,6,'2023-04-05 03:00:00','Thunder','Sunny',12.50,8.70,15.20,10.30,6.70,'NE',8.20,70.00,8.00,72.50,NULL,NULL,NULL,NULL,NULL,NULL),(48,6,'2023-04-05 04:00:00','Thunder','Sunny',12.50,8.70,15.20,10.30,6.70,'NE',8.20,70.00,8.00,72.50,NULL,NULL,NULL,NULL,NULL,NULL),(49,6,'2023-04-05 05:00:00','Thunder','Sunny',12.50,8.70,15.20,10.30,6.70,'NE',8.20,70.00,8.00,72.50,NULL,NULL,NULL,NULL,NULL,NULL),(50,6,'2023-04-05 06:00:00','Thunder','Sunny',12.50,8.70,15.20,10.30,6.70,'NE',8.20,70.00,8.00,72.50,NULL,NULL,NULL,NULL,NULL,NULL),(51,6,'2023-04-05 07:00:00','Thunder','Sunny',12.50,8.70,15.20,10.30,6.70,'NE',8.20,70.00,8.00,72.50,NULL,NULL,NULL,NULL,NULL,NULL),(52,6,'2023-04-05 08:00:00','Thunder','Sunny',12.50,8.70,15.20,10.30,6.70,'NE',8.20,70.00,8.00,72.50,NULL,NULL,NULL,NULL,NULL,NULL),(53,6,'2023-04-05 09:00:00','Thunder','Sunny',12.50,8.70,15.20,10.30,6.70,'NE',8.20,70.00,8.00,72.50,NULL,NULL,NULL,NULL,NULL,NULL),(54,6,'2023-04-05 10:00:00','Thunder','Sunny',12.50,8.70,15.20,10.30,6.70,'NE',8.20,70.00,8.00,72.50,NULL,NULL,NULL,NULL,NULL,NULL),(55,6,'2023-04-05 11:00:00','Thunder','Sunny',12.50,8.70,15.20,10.30,6.70,'NE',8.20,70.00,8.00,72.50,NULL,NULL,NULL,NULL,NULL,NULL),(56,6,'2023-04-05 12:00:00','Thunder','Rainy',12.50,8.70,15.20,10.30,6.70,'NE',8.20,70.00,8.00,72.50,NULL,NULL,NULL,NULL,NULL,NULL),(57,6,'2023-04-05 13:00:00','Thunder','Rainy',12.50,8.70,15.20,10.30,6.70,'NE',8.20,70.00,8.00,72.50,NULL,NULL,NULL,NULL,NULL,NULL),(58,6,'2023-04-05 14:00:00','Thunder','Rainy',12.50,8.70,15.20,10.30,6.70,'NE',8.20,70.00,8.00,72.50,NULL,NULL,NULL,NULL,NULL,NULL),(59,6,'2023-04-05 15:00:00','Thunder','Rainy',12.50,8.70,15.20,10.30,6.70,'NE',8.20,70.00,8.00,72.50,NULL,NULL,NULL,NULL,NULL,NULL),(60,6,'2023-04-05 16:00:00','Thunder','Rainy',12.50,8.70,15.20,10.30,6.70,'NE',8.20,70.00,8.00,72.50,NULL,NULL,NULL,NULL,NULL,NULL),(61,6,'2023-04-05 17:00:00','Thunder','Rainy',12.50,8.70,15.20,10.30,6.70,'NE',8.20,70.00,8.00,72.50,NULL,NULL,NULL,NULL,NULL,NULL),(62,6,'2023-04-05 18:00:00','Thunder','Rainy',12.50,8.70,15.20,10.30,6.70,'NE',8.20,70.00,8.00,72.50,NULL,NULL,NULL,NULL,NULL,NULL),(63,6,'2023-04-05 19:00:00','Thunder','Rainy',12.50,8.70,15.20,10.30,6.70,'NE',8.20,70.00,8.00,72.50,NULL,NULL,NULL,NULL,NULL,NULL),(64,6,'2023-04-05 20:00:00','Thunder','Rainy',12.50,8.70,15.20,10.30,6.70,'NE',8.20,70.00,8.00,72.50,NULL,NULL,NULL,NULL,NULL,NULL),(65,6,'2023-04-05 21:00:00','Thunder','Rainy',12.50,8.70,15.20,10.30,6.70,'NE',8.20,70.00,8.00,72.50,NULL,NULL,NULL,NULL,NULL,NULL),(66,6,'2023-04-05 22:00:00','Thunder','Rainy',12.50,8.70,15.20,10.30,6.70,'NE',8.20,70.00,8.00,72.50,NULL,NULL,NULL,NULL,NULL,NULL),(67,6,'2023-04-05 23:00:00','Thunder','Rainy',12.50,8.70,15.20,10.30,6.70,'NE',8.20,70.00,8.00,72.50,NULL,NULL,NULL,NULL,NULL,NULL),(68,7,'2023-04-03 05:00:00','Thunder','Cloudy',10.00,8.70,15.20,10.30,6.70,'NE',8.20,70.00,8.00,72.50,NULL,NULL,NULL,NULL,NULL,NULL),(69,7,'2023-04-03 06:00:00','Thunder','Cloudy',8.00,8.70,15.20,10.30,6.70,'NE',8.20,70.00,8.00,72.50,NULL,NULL,NULL,NULL,NULL,NULL),(70,7,'2023-04-03 07:00:00','Thunder','Cloudy',7.00,8.70,15.20,10.30,6.70,'NE',8.20,70.00,8.00,72.50,NULL,NULL,NULL,NULL,NULL,NULL),(71,7,'2023-04-03 08:00:00','','windy',6.00,8.70,15.20,10.30,6.70,'NE',8.20,70.00,8.00,72.50,NULL,NULL,NULL,NULL,NULL,NULL),(72,7,'2023-04-03 09:00:00','','windy',7.00,8.70,15.20,10.30,6.70,'NE',8.20,70.00,8.00,72.50,NULL,NULL,NULL,NULL,NULL,NULL),(73,7,'2023-04-03 10:00:00','','windy',9.00,8.70,15.20,10.30,6.70,'NE',8.20,70.00,8.00,72.50,NULL,NULL,NULL,NULL,NULL,NULL),(74,7,'2023-04-03 11:00:00','','windy',13.00,8.70,15.20,10.30,6.70,'NE',8.20,70.00,8.00,72.50,NULL,NULL,NULL,NULL,NULL,NULL),(75,7,'2023-04-03 12:00:00','','windy',13.00,8.70,15.20,10.30,6.70,'NE',8.20,70.00,8.00,72.50,NULL,NULL,NULL,NULL,NULL,NULL),(76,7,'2023-04-03 13:00:00','','windy',12.50,8.70,15.20,10.30,6.70,'NE',8.20,70.00,8.00,72.50,NULL,NULL,NULL,NULL,NULL,NULL),(77,7,'2023-04-03 14:00:00','Thunder','Sunny',12.50,8.70,15.20,10.30,6.70,'NE',8.20,70.00,8.00,72.50,NULL,NULL,NULL,NULL,NULL,NULL),(78,7,'2023-04-03 15:00:00','Thunder','Sunny',15.00,8.70,15.20,10.30,6.70,'NE',8.20,70.00,8.00,72.50,NULL,NULL,NULL,NULL,NULL,NULL),(79,7,'2023-04-03 16:00:00','Thunder','Sunny',15.00,8.70,15.20,10.30,6.70,'NE',8.20,70.00,8.00,72.50,NULL,NULL,NULL,NULL,NULL,NULL),(80,7,'2023-04-03 17:00:00','Thunder','Sunny',16.00,8.70,15.20,10.30,6.70,'NE',8.20,70.00,8.00,72.50,NULL,NULL,NULL,NULL,NULL,NULL),(81,7,'2023-04-03 18:00:00','Thunder','Sunny',17.00,8.70,15.20,10.30,6.70,'NE',8.20,70.00,8.00,72.50,NULL,NULL,NULL,NULL,NULL,NULL),(82,7,'2023-04-03 19:00:00','Thunder','Sunny',14.00,8.70,15.20,10.30,6.70,'NE',8.20,70.00,8.00,72.50,NULL,NULL,NULL,NULL,NULL,NULL),(83,7,'2023-04-03 20:00:00','Thunder','Rainy',12.00,8.70,15.20,10.30,6.70,'NE',8.20,70.00,8.00,72.50,NULL,NULL,NULL,NULL,NULL,NULL),(84,7,'2023-04-03 21:00:00','Thunder','Rainy',12.00,8.70,15.20,10.30,6.70,'NE',8.20,70.00,8.00,72.50,NULL,NULL,NULL,NULL,NULL,NULL),(85,7,'2023-04-03 22:00:00','Thunder','Rainy',5.00,8.70,15.20,10.30,6.70,'NE',8.20,70.00,8.00,72.50,NULL,NULL,NULL,NULL,NULL,NULL),(86,7,'2023-04-03 23:00:00','Thunder','Sunny',4.00,8.70,15.20,10.30,6.70,'NE',8.20,70.00,8.00,72.50,NULL,NULL,NULL,NULL,NULL,NULL),(87,7,'2023-04-04 00:00:00','Thunder','Sunny',6.00,8.70,15.20,10.30,6.70,'NE',8.20,70.00,8.00,72.50,NULL,NULL,NULL,NULL,NULL,NULL),(88,7,'2023-04-04 01:00:00','Thunder','Sunny',8.00,8.70,15.20,10.30,6.70,'NE',8.20,70.00,8.00,72.50,NULL,NULL,NULL,NULL,NULL,NULL),(89,7,'2023-04-04 02:00:00','Thunder','Sunny',12.50,8.70,15.20,10.30,6.70,'NE',8.20,70.00,8.00,72.50,NULL,NULL,NULL,NULL,NULL,NULL),(90,7,'2023-04-04 03:00:00','Thunder','Sunny',12.50,8.70,15.20,10.30,6.70,'NE',8.20,70.00,8.00,72.50,NULL,NULL,NULL,NULL,NULL,NULL),(91,7,'2023-04-04 04:00:00','Thunder','Sunny',12.50,8.70,15.20,10.30,6.70,'NE',8.20,70.00,8.00,72.50,NULL,NULL,NULL,NULL,NULL,NULL),(92,7,'2023-04-04 05:00:00','Thunder','Sunny',12.50,8.70,15.20,10.30,6.70,'NE',8.20,70.00,8.00,72.50,NULL,NULL,NULL,NULL,NULL,NULL),(93,7,'2023-04-04 06:00:00','Thunder','Sunny',4.00,8.70,15.20,10.30,6.70,'NE',8.20,70.00,8.00,72.50,NULL,NULL,NULL,NULL,NULL,NULL),(94,7,'2023-04-04 07:00:00','Thunder','Sunny',6.00,8.70,15.20,10.30,6.70,'NE',8.20,70.00,8.00,72.50,NULL,NULL,NULL,NULL,NULL,NULL),(95,7,'2023-04-04 08:00:00','Thunder','Sunny',3.00,8.70,15.20,10.30,6.70,'NE',8.20,70.00,8.00,72.50,NULL,NULL,NULL,NULL,NULL,NULL),(96,7,'2023-04-04 09:00:00','Thunder','Sunny',2.00,8.70,15.20,10.30,6.70,'NE',8.20,70.00,8.00,72.50,NULL,NULL,NULL,NULL,NULL,NULL),(97,7,'2023-04-04 10:00:00','Thunder','Sunny',1.00,8.70,15.20,10.30,6.70,'NE',8.20,70.00,8.00,72.50,NULL,NULL,NULL,NULL,NULL,NULL),(98,7,'2023-04-04 11:00:00','Thunder','Sunny',2.00,8.70,15.20,10.30,6.70,'NE',8.20,70.00,8.00,72.50,NULL,NULL,NULL,NULL,NULL,NULL),(99,7,'2023-04-04 12:00:00','Thunder','Sunny',4.00,8.70,15.20,10.30,6.70,'NE',8.20,70.00,8.00,72.50,NULL,NULL,NULL,NULL,NULL,NULL),(100,7,'2023-04-04 13:00:00','Thunder','Sunny',3.00,8.70,15.20,10.30,6.70,'NE',8.20,70.00,8.00,72.50,NULL,NULL,NULL,NULL,NULL,NULL),(101,7,'2023-04-04 14:00:00','Thunder','Sunny',4.00,8.70,15.20,10.30,6.70,'NE',8.20,70.00,8.00,72.50,NULL,NULL,NULL,NULL,NULL,NULL),(102,7,'2023-04-04 15:00:00','Thunder','Sunny',3.00,8.70,15.20,10.30,6.70,'NE',8.20,70.00,8.00,72.50,NULL,NULL,NULL,NULL,NULL,NULL),(103,7,'2023-04-04 16:00:00','Thunder','Sunny',4.00,8.70,15.20,10.30,6.70,'NE',8.20,70.00,8.00,72.50,NULL,NULL,NULL,NULL,NULL,NULL),(104,7,'2023-04-04 17:00:00','Thunder','Sunny',11.00,8.70,15.20,10.30,6.70,'NE',8.20,70.00,8.00,72.50,NULL,NULL,NULL,NULL,NULL,NULL),(105,7,'2023-04-04 18:00:00','Thunder','Sunny',8.00,8.70,15.20,10.30,6.70,'NE',8.20,70.00,8.00,72.50,NULL,NULL,NULL,NULL,NULL,NULL),(106,7,'2023-04-04 19:00:00','Thunder','Sunny',8.00,8.70,15.20,10.30,6.70,'NE',8.20,70.00,8.00,72.50,NULL,NULL,NULL,NULL,NULL,NULL),(107,7,'2023-04-04 20:00:00','Thunder','Sunny',10.00,8.70,15.20,10.30,6.70,'NE',8.20,70.00,8.00,72.50,NULL,NULL,NULL,NULL,NULL,NULL),(108,7,'2023-04-04 21:00:00','Thunder','Sunny',7.00,8.70,15.20,10.30,6.70,'NE',8.20,70.00,8.00,72.50,NULL,NULL,NULL,NULL,NULL,NULL),(109,7,'2023-04-04 22:00:00','Thunder','Sunny',6.00,8.70,15.20,10.30,6.70,'NE',8.20,70.00,8.00,72.50,NULL,NULL,NULL,NULL,NULL,NULL),(110,6,'2023-04-08 09:00:00','Thunder','Heavy Rain',12.50,8.70,15.20,10.30,6.70,'NE',8.20,70.00,8.00,72.50,NULL,NULL,NULL,NULL,NULL,'55'),(111,6,'2023-04-08 10:00:00','Thunder','Heavy Rain',12.50,8.70,15.20,10.30,6.70,'NE',8.20,70.00,8.00,72.50,NULL,NULL,NULL,NULL,NULL,'60'),(112,6,'2023-04-08 11:00:00','Thunder','Heavy Rain',12.50,8.70,15.20,10.30,6.70,'NE',8.20,70.00,8.00,72.50,NULL,NULL,NULL,NULL,NULL,'61'),(113,6,'2023-04-08 12:00:00','Thunder','Heavy Rain',12.50,8.70,15.20,10.30,6.70,'NE',8.20,70.00,8.00,72.50,NULL,NULL,NULL,NULL,NULL,'70'),(114,6,'2023-04-08 13:00:00','Thunder','Heavy Rain',12.50,8.70,15.20,10.30,6.70,'NE',8.20,70.00,8.00,72.50,NULL,NULL,NULL,NULL,NULL,'50'),(115,6,'2023-04-08 14:00:00','','Sunny',12.50,8.70,15.20,10.30,6.70,'NE',8.20,70.00,8.00,72.50,NULL,NULL,NULL,NULL,NULL,'52'),(116,6,'2023-04-08 15:00:00','','Sunny',12.50,8.70,15.20,10.30,6.70,'NE',8.20,70.00,8.00,72.50,NULL,NULL,NULL,NULL,NULL,'53'),(117,6,'2023-04-08 16:00:00','','Sunny',12.50,8.70,15.20,10.30,6.70,'NE',8.20,70.00,8.00,72.50,NULL,NULL,NULL,NULL,NULL,'55'),(118,6,'2023-04-08 17:00:00','','Sunny',12.50,8.70,15.20,10.30,6.70,'NE',8.20,70.00,8.00,72.50,NULL,NULL,NULL,NULL,NULL,'59'),(119,6,'2023-04-08 18:00:00','','Rainy',12.50,8.70,15.20,10.30,6.70,'NE',8.20,70.00,8.00,72.50,NULL,NULL,NULL,NULL,NULL,'49'),(120,6,'2023-04-08 19:00:00','','Rainy',12.50,8.70,15.20,10.30,6.70,'NE',8.20,70.00,8.00,72.50,NULL,NULL,NULL,NULL,NULL,'45'),(121,6,'2023-04-08 20:00:00','','Rainy',12.50,8.70,15.20,10.30,6.70,'NE',8.20,70.00,8.00,72.50,NULL,NULL,NULL,NULL,NULL,'41'),(122,6,'2023-04-08 21:00:00','','Windy',12.50,8.70,15.20,10.30,6.70,'NE',8.20,70.00,8.00,72.50,NULL,NULL,NULL,NULL,NULL,'40'),(123,6,'2023-04-08 22:00:00','','Rainy',12.50,8.70,15.20,10.30,6.70,'NE',8.20,70.00,8.00,72.50,NULL,NULL,NULL,NULL,NULL,'41'),(124,6,'2023-04-08 23:00:00','Thunder','Sunny',12.50,8.70,15.20,10.30,6.70,'NE',8.20,70.00,8.00,72.50,NULL,NULL,NULL,NULL,NULL,'45'),(125,6,'2023-04-09 00:00:00','Thunder','Sunny',12.50,8.70,15.20,10.30,6.70,'NE',8.20,70.00,8.00,72.50,NULL,NULL,NULL,NULL,NULL,'49'),(126,6,'2023-04-09 01:00:00','Thunder','Sunny',12.50,8.70,15.20,10.30,6.70,'NE',8.20,70.00,8.00,72.50,NULL,NULL,NULL,NULL,NULL,'55'),(127,6,'2023-04-09 02:00:00','Thunder','Sunny',12.50,8.70,15.20,10.30,6.70,'NE',8.20,70.00,8.00,72.50,NULL,NULL,NULL,NULL,NULL,'59'),(128,6,'2023-04-09 03:00:00','Thunder','Sunny',12.50,8.70,15.20,10.30,6.70,'NE',8.20,70.00,8.00,72.50,NULL,NULL,NULL,NULL,NULL,'65'),(129,6,'2023-04-09 04:00:00','Thunder','Rainy',12.50,8.70,15.20,10.30,6.70,'NE',8.20,70.00,8.00,72.50,NULL,NULL,NULL,NULL,NULL,'69'),(130,6,'2023-04-09 05:00:00','Thunder','Rainy',12.50,8.70,15.20,10.30,6.70,'NE',8.20,70.00,8.00,72.50,NULL,NULL,NULL,NULL,NULL,'67'),(131,6,'2023-04-09 06:00:00','Thunder','Rainy',12.50,8.70,15.20,10.30,6.70,'NE',8.20,70.00,8.00,72.50,NULL,NULL,NULL,NULL,NULL,'65'),(132,6,'2023-04-09 07:00:00','Thunder','Rainy',12.50,8.70,15.20,10.30,6.70,'NE',8.20,70.00,8.00,72.50,NULL,NULL,NULL,NULL,NULL,'48'),(133,6,'2023-04-09 08:00:00','Thunder','Rainy',12.50,8.70,15.20,10.30,6.70,'NE',8.20,70.00,8.00,72.50,NULL,NULL,NULL,NULL,NULL,'47'),(134,6,'2023-04-09 09:00:00','Thunder','Rainy',12.50,8.70,15.20,10.30,6.70,'NE',8.20,70.00,8.00,72.50,NULL,NULL,NULL,NULL,NULL,'46'),(135,6,'2023-04-09 10:00:00','Thunder','Rainy',12.50,8.70,15.20,10.30,6.70,'NE',8.20,70.00,8.00,72.50,NULL,NULL,NULL,NULL,NULL,'47'),(136,6,'2023-04-09 11:00:00','Thunder','Rainy',12.50,8.70,15.20,10.30,6.70,'NE',8.20,70.00,8.00,72.50,NULL,NULL,NULL,NULL,NULL,'41'),(137,6,'2023-04-09 12:00:00','Thunder','Rainy',12.50,8.70,15.20,10.30,6.70,'NE',8.20,70.00,8.00,72.50,NULL,NULL,NULL,NULL,NULL,'39'),(138,6,'2023-04-09 13:00:00','Thunder','Sunny',12.50,8.70,15.20,10.30,6.70,'NE',8.20,70.00,8.00,72.50,NULL,NULL,NULL,NULL,NULL,'38'),(139,6,'2023-04-09 14:00:00','Thunder','Sunny',12.50,8.70,15.20,10.30,6.70,'NE',8.20,70.00,8.00,72.50,NULL,NULL,NULL,NULL,NULL,'36'),(140,6,'2023-04-09 15:00:00','Thunder','Sunny',12.50,8.70,15.20,10.30,6.70,'NE',8.20,70.00,8.00,72.50,NULL,NULL,NULL,NULL,NULL,'30'),(141,6,'2023-04-09 16:00:00','Thunder','Sunny',12.50,8.70,15.20,10.30,6.70,'NE',8.20,70.00,8.00,72.50,NULL,NULL,NULL,NULL,NULL,'29'),(142,6,'2023-04-09 17:00:00','Thunder','Sunny',12.50,8.70,15.20,10.30,6.70,'NE',8.20,70.00,8.00,72.50,NULL,NULL,NULL,NULL,NULL,'28'),(143,6,'2023-04-09 18:00:00','Thunder','Sunny',12.50,8.70,15.20,10.30,6.70,'NE',8.20,70.00,8.00,72.50,NULL,NULL,NULL,NULL,NULL,'27'),(144,6,'2023-04-09 19:00:00','Thunder','Sunny',12.50,8.70,15.20,10.30,6.70,'NE',8.20,70.00,8.00,72.50,NULL,NULL,NULL,NULL,NULL,'24'),(145,6,'2023-04-09 20:00:00','Thunder','Sunny',12.50,8.70,15.20,10.30,6.70,'NE',8.20,70.00,8.00,72.50,NULL,NULL,NULL,NULL,NULL,'24'),(146,6,'2023-04-09 21:00:00','Thunder','Sunny',12.50,8.70,15.20,10.30,6.70,'NE',8.20,70.00,8.00,72.50,NULL,NULL,NULL,NULL,NULL,'24'),(147,6,'2023-04-09 22:00:00','Thunder','Sunny',12.50,8.70,15.20,10.30,6.70,'NE',8.20,70.00,8.00,72.50,NULL,NULL,NULL,NULL,NULL,'25'),(148,6,'2023-04-09 23:00:00','Thunder','Sunny',12.50,8.70,15.20,10.30,6.70,'NE',8.20,70.00,8.00,72.50,NULL,NULL,NULL,NULL,NULL,'23'),(149,6,'2023-04-10 00:00:00','Thunder','Sunny',12.50,8.70,15.20,10.30,6.70,'NE',8.20,70.00,8.00,72.50,NULL,NULL,NULL,NULL,NULL,'23'),(150,6,'2023-04-10 01:00:00','Thunder','Sunny',12.50,8.70,15.20,10.30,6.70,'NE',8.20,70.00,8.00,72.50,NULL,NULL,NULL,NULL,NULL,'27'),(151,6,'2023-04-10 02:00:00','Thunder','Sunny',12.50,8.70,15.20,10.30,6.70,'NE',8.20,70.00,8.00,72.50,NULL,NULL,NULL,NULL,NULL,'27'),(152,6,'2023-04-10 03:00:00','Thunder','Sunny',12.50,8.70,15.20,10.30,6.70,'NE',8.20,70.00,8.00,72.50,NULL,NULL,NULL,NULL,NULL,'26'),(153,6,'2023-04-10 04:00:00','Thunder','Sunny',12.50,8.70,15.20,10.30,6.70,'NE',8.20,70.00,8.00,72.50,NULL,NULL,NULL,NULL,NULL,'25'),(154,6,'2023-04-10 05:00:00','Thunder','Sunny',12.50,8.70,15.20,10.30,6.70,'NE',8.20,70.00,8.00,72.50,NULL,NULL,NULL,NULL,NULL,'25'),(155,6,'2023-04-10 06:00:00','Thunder','Sunny',12.50,8.70,15.20,10.30,6.70,'NE',8.20,70.00,8.00,72.50,NULL,NULL,NULL,NULL,NULL,'25'),(156,6,'2023-04-10 07:00:00','Thunder','Sunny',12.50,8.70,15.20,10.30,6.70,'NE',8.20,70.00,8.00,72.50,NULL,NULL,NULL,NULL,NULL,'29'),(157,6,'2023-04-10 08:00:00','Thunder','Sunny',12.50,8.70,15.20,10.30,6.70,'NE',8.20,70.00,8.00,72.50,NULL,NULL,NULL,NULL,NULL,'29'),(158,6,'2023-04-10 09:00:00','Thunder','Sunny',12.50,8.70,15.20,10.30,6.70,'NE',8.20,70.00,8.00,72.50,NULL,NULL,NULL,NULL,NULL,'29'),(159,6,'2023-04-10 10:00:00','Thunder','Sunny',12.50,8.70,15.20,10.30,6.70,'NE',8.20,70.00,8.00,72.50,NULL,NULL,NULL,NULL,NULL,'20'),(160,6,'2023-04-10 11:00:00','Thunder','Sunny',12.50,8.70,15.20,10.30,6.70,'NE',8.20,70.00,8.00,72.50,NULL,NULL,NULL,NULL,NULL,'20'),(161,6,'2023-04-10 12:00:00','Thunder','Sunny',12.50,8.70,15.20,10.30,6.70,'NE',8.20,70.00,8.00,72.50,NULL,NULL,NULL,NULL,NULL,'20'),(162,6,'2023-04-10 13:00:00','Thunder','Sunny',12.50,8.70,15.20,10.30,6.70,'NE',8.20,70.00,8.00,72.50,NULL,NULL,NULL,NULL,NULL,'20'),(163,6,'2023-04-10 14:00:00','Thunder','Sunny',12.50,8.70,15.20,10.30,6.70,'NE',8.20,70.00,8.00,72.50,NULL,NULL,NULL,NULL,NULL,'20'),(164,6,'2023-04-10 15:00:00','Thunder','Sunny',12.50,8.70,15.20,10.30,6.70,'NE',8.20,70.00,8.00,72.50,NULL,NULL,NULL,NULL,NULL,'20'),(165,6,'2023-04-10 16:00:00','Thunder','Rainy',12.50,8.70,15.20,10.30,6.70,'NE',8.20,70.00,8.00,72.50,NULL,NULL,NULL,NULL,NULL,'18'),(166,6,'2023-04-10 17:00:00','Thunder','Rainy',12.50,8.70,15.20,10.30,6.70,'NE',8.20,70.00,8.00,72.50,NULL,NULL,NULL,NULL,NULL,'14'),(167,6,'2023-04-10 18:00:00','Thunder','Rainy',12.50,8.70,15.20,10.30,6.70,'NE',8.20,70.00,8.00,72.50,NULL,NULL,NULL,NULL,NULL,'13'),(168,6,'2023-04-10 19:00:00','Thunder','Rainy',12.50,8.70,15.20,10.30,6.70,'NE',8.20,70.00,8.00,72.50,NULL,NULL,NULL,NULL,NULL,'12'),(169,6,'2023-04-10 20:00:00','Thunder','Rainy',12.50,8.70,15.20,10.30,6.70,'NE',8.20,70.00,8.00,72.50,NULL,NULL,NULL,NULL,NULL,'12'),(170,6,'2023-04-10 21:00:00','Thunder','Rainy',12.50,8.70,15.20,10.30,6.70,'NE',8.20,70.00,8.00,72.50,NULL,NULL,NULL,NULL,NULL,'12'),(171,6,'2023-04-10 22:00:00','Thunder','Rainy',12.50,8.70,15.20,10.30,6.70,'NE',8.20,70.00,8.00,72.50,NULL,NULL,NULL,NULL,NULL,'6'),(172,6,'2023-04-10 23:00:00','Thunder','Rainy',12.50,8.70,15.20,10.30,6.70,'NE',8.20,70.00,8.00,72.50,NULL,NULL,NULL,NULL,NULL,'6'),(173,6,'2023-04-11 00:00:00','Thunder','Rainy',12.50,8.70,15.20,10.30,6.70,'NE',8.20,70.00,8.00,72.50,NULL,NULL,NULL,NULL,NULL,'6'),(174,6,'2023-04-11 01:00:00','Thunder','Rainy',12.50,8.70,15.20,10.30,6.70,'NE',8.20,70.00,8.00,72.50,NULL,NULL,NULL,NULL,NULL,'6'),(175,6,'2023-04-11 02:00:00','Thunder','Rainy',12.50,8.70,15.20,10.30,6.70,'NE',8.20,70.00,8.00,72.50,NULL,NULL,NULL,NULL,NULL,'6'),(176,6,'2023-04-11 03:00:00','Thunder','Rainy',12.50,8.70,15.20,10.30,6.70,'NE',8.20,70.00,8.00,72.50,NULL,NULL,NULL,NULL,NULL,'6'),(311,1,'2023-04-10 09:00:00','Thunder','Heavy Rain',40.00,8.70,15.20,10.30,6.70,'NE',8.20,70.00,8.00,72.50,NULL,NULL,NULL,NULL,NULL,'35'),(312,1,'2023-04-10 10:00:00','Thunder','Heavy Rain',40.00,8.70,15.20,10.30,6.70,'NE',8.20,70.00,8.00,72.50,NULL,NULL,NULL,NULL,NULL,'36'),(313,1,'2023-04-10 11:00:00','Thunder','Heavy Rain',38.00,8.70,15.20,10.30,6.70,'NE',8.20,70.00,8.00,72.50,NULL,NULL,NULL,NULL,NULL,'37'),(314,1,'2023-04-10 12:00:00','Thunder','Heavy Rain',36.00,8.70,15.20,10.30,6.70,'NE',8.20,70.00,8.00,72.50,NULL,NULL,NULL,NULL,NULL,'38'),(315,1,'2023-04-10 13:00:00','Thunder','Heavy Rain',37.00,8.70,15.20,10.30,6.70,'NE',8.20,70.00,8.00,72.50,NULL,NULL,NULL,NULL,NULL,'39'),(316,1,'2023-04-10 14:00:00','','Sunny',42.00,8.70,15.20,10.30,6.70,'NE',8.20,70.00,8.00,72.50,NULL,NULL,NULL,NULL,NULL,'40'),(317,1,'2023-04-10 15:00:00','','Sunny',38.00,8.70,15.20,10.30,6.70,'NE',8.20,70.00,8.00,72.50,NULL,NULL,NULL,NULL,NULL,'41'),(318,1,'2023-04-10 16:00:00','','Sunny',37.00,8.70,15.20,10.30,6.70,'NE',8.20,70.00,8.00,72.50,NULL,NULL,NULL,NULL,NULL,'42'),(319,1,'2023-04-10 17:00:00','','Sunny',36.00,8.70,15.20,10.30,6.70,'NE',8.20,70.00,8.00,72.50,NULL,NULL,NULL,NULL,NULL,'43'),(320,1,'2023-04-10 18:00:00','','Rainy',35.00,8.70,15.20,10.30,6.70,'NE',8.20,70.00,8.00,72.50,NULL,NULL,NULL,NULL,NULL,'44'),(321,1,'2023-04-10 19:00:00','','Rainy',34.00,8.70,15.20,10.30,6.70,'NE',8.20,70.00,8.00,72.50,NULL,NULL,NULL,NULL,NULL,'45'),(322,1,'2023-04-10 20:00:00','','Rainy',33.00,8.70,15.20,10.30,6.70,'NE',8.20,70.00,8.00,72.50,NULL,NULL,NULL,NULL,NULL,'45'),(323,1,'2023-04-10 21:00:00','','Windy',32.00,8.70,15.20,10.30,6.70,'NE',8.20,70.00,8.00,72.50,NULL,NULL,NULL,NULL,NULL,'45'),(324,1,'2023-04-10 22:00:00','','Rainy',31.00,8.70,15.20,10.30,6.70,'NE',8.20,70.00,8.00,72.50,NULL,NULL,NULL,NULL,NULL,'49'),(325,1,'2023-04-10 23:00:00','Thunder','Sunny',38.00,8.70,15.20,10.30,6.70,'NE',8.20,70.00,8.00,72.50,NULL,NULL,NULL,NULL,NULL,'48'),(326,1,'2023-04-11 00:00:00','Thunder','Sunny',39.00,8.70,15.20,10.30,6.70,'NE',8.20,70.00,8.00,72.50,NULL,NULL,NULL,NULL,NULL,'40'),(327,1,'2023-04-11 01:00:00','Thunder','Sunny',42.00,8.70,15.20,10.30,6.70,'NE',8.20,70.00,8.00,72.50,NULL,NULL,NULL,NULL,NULL,'33'),(328,1,'2023-04-11 02:00:00','Thunder','Sunny',41.00,8.70,15.20,10.30,6.70,'NE',8.20,70.00,8.00,72.50,NULL,NULL,NULL,NULL,NULL,'31'),(329,1,'2023-04-11 03:00:00','Thunder','Sunny',40.00,8.70,15.20,10.30,6.70,'NE',8.20,70.00,8.00,72.50,NULL,NULL,NULL,NULL,NULL,'32'),(330,1,'2023-04-11 04:00:00','Thunder','Rainy',41.00,8.70,15.20,10.30,6.70,'NE',8.20,70.00,8.00,72.50,NULL,NULL,NULL,NULL,NULL,'35'),(331,1,'2023-04-11 05:00:00','Thunder','Rainy',42.00,8.70,15.20,10.30,6.70,'NE',8.20,70.00,8.00,72.50,NULL,NULL,NULL,NULL,NULL,'36'),(332,1,'2023-04-11 06:00:00','Thunder','Rainy',43.00,8.70,15.20,10.30,6.70,'NE',8.20,70.00,8.00,72.50,NULL,NULL,NULL,NULL,NULL,'35'),(333,1,'2023-04-11 07:00:00','Thunder','Rainy',36.00,8.70,15.20,10.30,6.70,'NE',8.20,70.00,8.00,72.50,NULL,NULL,NULL,NULL,NULL,'36'),(334,1,'2023-04-11 08:00:00','Thunder','Rainy',37.00,8.70,15.20,10.30,6.70,'NE',8.20,70.00,8.00,72.50,NULL,NULL,NULL,NULL,NULL,'35'),(335,1,'2023-04-11 09:00:00','Thunder','Rainy',34.00,8.70,15.20,10.30,6.70,'NE',8.20,70.00,8.00,72.50,NULL,NULL,NULL,NULL,NULL,'36'),(336,1,'2023-04-11 10:00:00','Thunder','Rainy',33.00,8.70,15.20,10.30,6.70,'NE',8.20,70.00,8.00,72.50,NULL,NULL,NULL,NULL,NULL,'35'),(337,1,'2023-04-11 11:00:00','Thunder','Rainy',37.00,8.70,15.20,10.30,6.70,'NE',8.20,70.00,8.00,72.50,NULL,NULL,NULL,NULL,NULL,'36'),(338,1,'2023-04-11 12:00:00','Thunder','Rainy',39.00,8.70,15.20,10.30,6.70,'NE',8.20,70.00,8.00,72.50,NULL,NULL,NULL,NULL,NULL,'35'),(339,1,'2023-04-11 13:00:00','Thunder','Sunny',40.00,8.70,15.20,10.30,6.70,'NE',8.20,70.00,8.00,72.50,NULL,NULL,NULL,NULL,NULL,'38'),(340,1,'2023-04-11 14:00:00','Thunder','Sunny',41.00,8.70,15.20,10.30,6.70,'NE',8.20,70.00,8.00,72.50,NULL,NULL,NULL,NULL,NULL,'36'),(341,1,'2023-04-11 15:00:00','Thunder','Sunny',42.00,8.70,15.20,10.30,6.70,'NE',8.20,70.00,8.00,72.50,NULL,NULL,NULL,NULL,NULL,'31'),(342,1,'2023-04-11 16:00:00','Thunder','Sunny',43.00,8.70,15.20,10.30,6.70,'NE',8.20,70.00,8.00,72.50,NULL,NULL,NULL,NULL,NULL,'32'),(343,1,'2023-04-11 17:00:00','Thunder','Sunny',44.00,8.70,15.20,10.30,6.70,'NE',8.20,70.00,8.00,72.50,NULL,NULL,NULL,NULL,NULL,'33'),(344,1,'2023-04-11 18:00:00','Thunder','Sunny',45.00,8.70,15.20,10.30,6.70,'NE',8.20,70.00,8.00,72.50,NULL,NULL,NULL,NULL,NULL,'34'),(345,1,'2023-04-11 19:00:00','Thunder','Sunny',46.00,8.70,15.20,10.30,6.70,'NE',8.20,70.00,8.00,72.50,NULL,NULL,NULL,NULL,NULL,'45'),(346,1,'2023-04-11 20:00:00','Thunder','Sunny',47.00,8.70,15.20,10.30,6.70,'NE',8.20,70.00,8.00,72.50,NULL,NULL,NULL,NULL,NULL,'44'),(347,1,'2023-04-11 21:00:00','Thunder','Sunny',48.00,8.70,15.20,10.30,6.70,'NE',8.20,70.00,8.00,72.50,NULL,NULL,NULL,NULL,NULL,'46'),(348,1,'2023-04-11 22:00:00','Thunder','Sunny',49.00,8.70,15.20,10.30,6.70,'NE',8.20,70.00,8.00,72.50,NULL,NULL,NULL,NULL,NULL,'45'),(349,1,'2023-04-11 23:00:00','Thunder','Sunny',50.00,8.70,15.20,10.30,6.70,'NE',8.20,70.00,8.00,72.50,NULL,NULL,NULL,NULL,NULL,'48'),(350,1,'2023-04-12 00:00:00','Thunder','Sunny',44.00,8.70,15.20,10.30,6.70,'NE',8.20,70.00,8.00,72.50,NULL,NULL,NULL,NULL,NULL,'23'),(351,1,'2023-04-12 01:00:00','Thunder','Sunny',46.00,8.70,15.20,10.30,6.70,'NE',8.20,70.00,8.00,72.50,NULL,NULL,NULL,NULL,NULL,'40'),(352,1,'2023-04-12 02:00:00','Thunder','Sunny',48.00,8.70,15.20,10.30,6.70,'NE',8.20,70.00,8.00,72.50,NULL,NULL,NULL,NULL,NULL,'42'),(353,1,'2023-04-12 03:00:00','Thunder','Sunny',45.00,8.70,15.20,10.30,6.70,'NE',8.20,70.00,8.00,72.50,NULL,NULL,NULL,NULL,NULL,'43'),(354,1,'2023-04-12 04:00:00','Thunder','Sunny',44.00,8.70,15.20,10.30,6.70,'NE',8.20,70.00,8.00,72.50,NULL,NULL,NULL,NULL,NULL,'44'),(355,1,'2023-04-12 05:00:00','Thunder','Sunny',43.00,8.70,15.20,10.30,6.70,'NE',8.20,70.00,8.00,72.50,NULL,NULL,NULL,NULL,NULL,'45'),(356,1,'2023-04-12 06:00:00','Thunder','Sunny',41.00,8.70,15.20,10.30,6.70,'NE',8.20,70.00,8.00,72.50,NULL,NULL,NULL,NULL,NULL,'46'),(357,1,'2023-04-12 07:00:00','Thunder','Sunny',42.00,8.70,15.20,10.30,6.70,'NE',8.20,70.00,8.00,72.50,NULL,NULL,NULL,NULL,NULL,'47'),(358,1,'2023-04-12 08:00:00','Thunder','Sunny',43.00,8.70,15.20,10.30,6.70,'NE',8.20,70.00,8.00,72.50,NULL,NULL,NULL,NULL,NULL,'48'),(359,1,'2023-04-12 09:00:00','Thunder','Sunny',44.00,8.70,15.20,10.30,6.70,'NE',8.20,70.00,8.00,72.50,NULL,NULL,NULL,NULL,NULL,'49'),(360,1,'2023-04-12 10:00:00','Thunder','Sunny',45.00,8.70,15.20,10.30,6.70,'NE',8.20,70.00,8.00,72.50,NULL,NULL,NULL,NULL,NULL,'40'),(361,1,'2023-04-12 11:00:00','Thunder','Sunny',46.00,8.70,15.20,10.30,6.70,'NE',8.20,70.00,8.00,72.50,NULL,NULL,NULL,NULL,NULL,'40'),(362,1,'2023-04-12 12:00:00','Thunder','Sunny',47.00,8.70,15.20,10.30,6.70,'NE',8.20,70.00,8.00,72.50,NULL,NULL,NULL,NULL,NULL,'40'),(363,1,'2023-04-12 13:00:00','Thunder','Sunny',48.00,8.70,15.20,10.30,6.70,'NE',8.20,70.00,8.00,72.50,NULL,NULL,NULL,NULL,NULL,'40'),(364,1,'2023-04-12 14:00:00','Thunder','Sunny',49.00,8.70,15.20,10.30,6.70,'NE',8.20,70.00,8.00,72.50,NULL,NULL,NULL,NULL,NULL,'40'),(365,1,'2023-04-12 15:00:00','Thunder','Sunny',47.00,8.70,15.20,10.30,6.70,'NE',8.20,70.00,8.00,72.50,NULL,NULL,NULL,NULL,NULL,'40'),(366,1,'2023-04-12 16:00:00','Thunder','Rainy',46.00,8.70,15.20,10.30,6.70,'NE',8.20,70.00,8.00,72.50,NULL,NULL,NULL,NULL,NULL,'38'),(367,1,'2023-04-12 17:00:00','Thunder','Rainy',45.00,8.70,15.20,10.30,6.70,'NE',8.20,70.00,8.00,72.50,NULL,NULL,NULL,NULL,NULL,'34'),(368,1,'2023-04-12 18:00:00','Thunder','Rainy',44.00,8.70,15.20,10.30,6.70,'NE',8.20,70.00,8.00,72.50,NULL,NULL,NULL,NULL,NULL,'33'),(369,1,'2023-04-12 19:00:00','Thunder','Rainy',47.00,8.70,15.20,10.30,6.70,'NE',8.20,70.00,8.00,72.50,NULL,NULL,NULL,NULL,NULL,'32'),(370,1,'2023-04-12 20:00:00','Thunder','Rainy',46.00,8.70,15.20,10.30,6.70,'NE',8.20,70.00,8.00,72.50,NULL,NULL,NULL,NULL,NULL,'32'),(371,1,'2023-04-12 21:00:00','Thunder','Rainy',48.00,8.70,15.20,10.30,6.70,'NE',8.20,70.00,8.00,72.50,NULL,NULL,NULL,NULL,NULL,'32'),(372,1,'2023-04-12 22:00:00','Thunder','Rainy',41.00,8.70,15.20,10.30,6.70,'NE',8.20,70.00,8.00,72.50,NULL,NULL,NULL,NULL,NULL,'46'),(373,1,'2023-04-12 23:00:00','Thunder','Rainy',47.00,8.70,15.20,10.30,6.70,'NE',8.20,70.00,8.00,72.50,NULL,NULL,NULL,NULL,NULL,'46'),(374,1,'2023-04-13 00:00:00','Thunder','Rainy',45.00,8.70,15.20,10.30,6.70,'NE',8.20,70.00,8.00,72.50,NULL,NULL,NULL,NULL,NULL,'46'),(375,1,'2023-04-13 01:00:00','Thunder','Rainy',44.00,8.70,15.20,10.30,6.70,'NE',8.20,70.00,8.00,72.50,NULL,NULL,NULL,NULL,NULL,'46'),(376,1,'2023-04-13 02:00:00','Thunder','Rainy',43.00,8.70,15.20,10.30,6.70,'NE',8.20,70.00,8.00,72.50,NULL,NULL,NULL,NULL,NULL,'36'),(377,1,'2023-04-13 03:00:00','Thunder','Rainy',41.00,8.70,15.20,10.30,6.70,'NE',8.20,70.00,8.00,72.50,NULL,NULL,NULL,NULL,NULL,'36'),(378,1,'2023-04-13 04:00:00','Thunder','Sunny',44.00,8.70,15.20,10.30,6.70,'NE',8.20,70.00,8.00,72.50,NULL,NULL,NULL,NULL,NULL,'44'),(379,1,'2023-04-13 05:00:00','Thunder','Sunny',43.00,8.70,15.20,10.30,6.70,'NE',8.20,70.00,8.00,72.50,NULL,NULL,NULL,NULL,NULL,'45'),(380,1,'2023-04-13 06:00:00','Thunder','Sunny',41.00,8.70,15.20,10.30,6.70,'NE',8.20,70.00,8.00,72.50,NULL,NULL,NULL,NULL,NULL,'46'),(381,1,'2023-04-13 07:00:00','Thunder','Sunny',42.00,8.70,15.20,10.30,6.70,'NE',8.20,70.00,8.00,72.50,NULL,NULL,NULL,NULL,NULL,'47'),(382,1,'2023-04-13 08:00:00','Thunder','Sunny',43.00,8.70,15.20,10.30,6.70,'NE',8.20,70.00,8.00,72.50,NULL,NULL,NULL,NULL,NULL,'48'),(383,1,'2023-04-13 09:00:00','Thunder','Sunny',44.00,8.70,15.20,10.30,6.70,'NE',8.20,70.00,8.00,72.50,NULL,NULL,NULL,NULL,NULL,'49'),(384,1,'2023-04-13 10:00:00','Thunder','Sunny',45.00,8.70,15.20,10.30,6.70,'NE',8.20,70.00,8.00,72.50,NULL,NULL,NULL,NULL,NULL,'40'),(385,1,'2023-04-13 11:00:00','Thunder','Sunny',46.00,8.70,15.20,10.30,6.70,'NE',8.20,70.00,8.00,72.50,NULL,NULL,NULL,NULL,NULL,'40'),(386,1,'2023-04-13 12:00:00','Thunder','Sunny',47.00,8.70,15.20,10.30,6.70,'NE',8.20,70.00,8.00,72.50,NULL,NULL,NULL,NULL,NULL,'40'),(387,1,'2023-04-13 13:00:00','Thunder','Sunny',48.00,8.70,15.20,10.30,6.70,'NE',8.20,70.00,8.00,72.50,NULL,NULL,NULL,NULL,NULL,'40'),(388,1,'2023-04-13 14:00:00','Thunder','Sunny',49.00,8.70,15.20,10.30,6.70,'NE',8.20,70.00,8.00,72.50,NULL,NULL,NULL,NULL,NULL,'40'),(389,1,'2023-04-13 15:00:00','Thunder','Sunny',47.00,8.70,15.20,10.30,6.70,'NE',8.20,70.00,8.00,72.50,NULL,NULL,NULL,NULL,NULL,'40'),(390,1,'2023-04-13 16:00:00','Thunder','Rainy',46.00,8.70,15.20,10.30,6.70,'NE',8.20,70.00,8.00,72.50,NULL,NULL,NULL,NULL,NULL,'38'),(391,1,'2023-04-13 17:00:00','Thunder','Rainy',45.00,8.70,15.20,10.30,6.70,'NE',8.20,70.00,8.00,72.50,NULL,NULL,NULL,NULL,NULL,'34'),(392,1,'2023-04-13 18:00:00','Thunder','Rainy',44.00,8.70,15.20,10.30,6.70,'NE',8.20,70.00,8.00,72.50,NULL,NULL,NULL,NULL,NULL,'33'),(393,1,'2023-04-13 19:00:00','Thunder','Rainy',47.00,8.70,15.20,10.30,6.70,'NE',8.20,70.00,8.00,72.50,NULL,NULL,NULL,NULL,NULL,'32'),(394,1,'2023-04-13 20:00:00','Thunder','Rainy',46.00,8.70,15.20,10.30,6.70,'NE',8.20,70.00,8.00,72.50,NULL,NULL,NULL,NULL,NULL,'32'),(395,1,'2023-04-13 21:00:00','Thunder','Rainy',48.00,8.70,15.20,10.30,6.70,'NE',8.20,70.00,8.00,72.50,NULL,NULL,NULL,NULL,NULL,'32'),(396,1,'2023-04-13 22:00:00','Thunder','Rainy',41.00,8.70,15.20,10.30,6.70,'NE',8.20,70.00,8.00,72.50,NULL,NULL,NULL,NULL,NULL,'46'),(397,1,'2023-04-13 23:00:00','Thunder','Rainy',47.00,8.70,15.20,10.30,6.70,'NE',8.20,70.00,8.00,72.50,NULL,NULL,NULL,NULL,NULL,'46'),(398,1,'2023-04-14 00:00:00','Thunder','Rainy',45.00,8.70,15.20,10.30,6.70,'NE',8.20,70.00,8.00,72.50,NULL,NULL,NULL,NULL,NULL,'46'),(399,1,'2023-04-14 01:00:00','Thunder','Rainy',44.00,8.70,15.20,10.30,6.70,'NE',8.20,70.00,8.00,72.50,NULL,NULL,NULL,NULL,NULL,'46'),(400,1,'2023-04-14 02:00:00','Thunder','Rainy',43.00,8.70,15.20,10.30,6.70,'NE',8.20,70.00,8.00,72.50,NULL,NULL,NULL,NULL,NULL,'36'),(401,1,'2023-04-14 03:00:00','Thunder','Rainy',41.00,8.70,15.20,10.30,6.70,'NE',8.20,70.00,8.00,72.50,NULL,NULL,NULL,NULL,NULL,'36'),(402,1,'2023-04-14 04:00:00','Thunder','Sunny',44.00,8.70,15.20,10.30,6.70,'NE',8.20,70.00,8.00,72.50,NULL,NULL,NULL,NULL,NULL,'44'),(403,1,'2023-04-14 05:00:00','Thunder','Sunny',43.00,8.70,15.20,10.30,6.70,'NE',8.20,70.00,8.00,72.50,NULL,NULL,NULL,NULL,NULL,'45'),(404,1,'2023-04-14 06:00:00','Thunder','Sunny',41.00,8.70,15.20,10.30,6.70,'NE',8.20,70.00,8.00,72.50,NULL,NULL,NULL,NULL,NULL,'46'),(405,1,'2023-04-14 07:00:00','Thunder','Sunny',42.00,8.70,15.20,10.30,6.70,'NE',8.20,70.00,8.00,72.50,NULL,NULL,NULL,NULL,NULL,'47'),(406,1,'2023-04-14 08:00:00','Thunder','Sunny',43.00,8.70,15.20,10.30,6.70,'NE',8.20,70.00,8.00,72.50,NULL,NULL,NULL,NULL,NULL,'48'),(407,1,'2023-04-14 09:00:00','Thunder','Sunny',44.00,8.70,15.20,10.30,6.70,'NE',8.20,70.00,8.00,72.50,NULL,NULL,NULL,NULL,NULL,'49'),(408,1,'2023-04-14 10:00:00','Thunder','Sunny',45.00,8.70,15.20,10.30,6.70,'NE',8.20,70.00,8.00,72.50,NULL,NULL,NULL,NULL,NULL,'40'),(409,1,'2023-04-14 11:00:00','Thunder','Sunny',46.00,8.70,15.20,10.30,6.70,'NE',8.20,70.00,8.00,72.50,NULL,NULL,NULL,NULL,NULL,'40'),(410,1,'2023-04-14 12:00:00','Thunder','Sunny',47.00,8.70,15.20,10.30,6.70,'NE',8.20,70.00,8.00,72.50,NULL,NULL,NULL,NULL,NULL,'40'),(411,1,'2023-04-14 13:00:00','Thunder','Sunny',48.00,8.70,15.20,10.30,6.70,'NE',8.20,70.00,8.00,72.50,NULL,NULL,NULL,NULL,NULL,'40'),(412,1,'2023-04-14 14:00:00','Thunder','Sunny',49.00,8.70,15.20,10.30,6.70,'NE',8.20,70.00,8.00,72.50,NULL,NULL,NULL,NULL,NULL,'40'),(413,1,'2023-04-14 15:00:00','Thunder','Sunny',47.00,8.70,15.20,10.30,6.70,'NE',8.20,70.00,8.00,72.50,NULL,NULL,NULL,NULL,NULL,'40'),(414,1,'2023-04-14 16:00:00','Thunder','Rainy',46.00,8.70,15.20,10.30,6.70,'NE',8.20,70.00,8.00,72.50,NULL,NULL,NULL,NULL,NULL,'38'),(415,1,'2023-04-14 17:00:00','Thunder','Rainy',45.00,8.70,15.20,10.30,6.70,'NE',8.20,70.00,8.00,72.50,NULL,NULL,NULL,NULL,NULL,'34'),(416,1,'2023-04-14 18:00:00','Thunder','Rainy',44.00,8.70,15.20,10.30,6.70,'NE',8.20,70.00,8.00,72.50,NULL,NULL,NULL,NULL,NULL,'33'),(417,1,'2023-04-14 19:00:00','Thunder','Rainy',47.00,8.70,15.20,10.30,6.70,'NE',8.20,70.00,8.00,72.50,NULL,NULL,NULL,NULL,NULL,'32'),(418,1,'2023-04-14 20:00:00','Thunder','Rainy',46.00,8.70,15.20,10.30,6.70,'NE',8.20,70.00,8.00,72.50,NULL,NULL,NULL,NULL,NULL,'32'),(419,1,'2023-04-14 21:00:00','Thunder','Rainy',48.00,8.70,15.20,10.30,6.70,'NE',8.20,70.00,8.00,72.50,NULL,NULL,NULL,NULL,NULL,'32'),(420,1,'2023-04-14 22:00:00','Thunder','Rainy',41.00,8.70,15.20,10.30,6.70,'NE',8.20,70.00,8.00,72.50,NULL,NULL,NULL,NULL,NULL,'46'),(421,1,'2023-04-14 23:00:00','Thunder','Rainy',47.00,8.70,15.20,10.30,6.70,'NE',8.20,70.00,8.00,72.50,NULL,NULL,NULL,NULL,NULL,'46'),(422,1,'2023-04-15 00:00:00','Thunder','Rainy',45.00,8.70,15.20,10.30,6.70,'NE',8.20,70.00,8.00,72.50,NULL,NULL,NULL,NULL,NULL,'46'),(423,1,'2023-04-15 01:00:00','Thunder','Rainy',44.00,8.70,15.20,10.30,6.70,'NE',8.20,70.00,8.00,72.50,NULL,NULL,NULL,NULL,NULL,'46'),(424,1,'2023-04-15 02:00:00','Thunder','Rainy',43.00,8.70,15.20,10.30,6.70,'NE',8.20,70.00,8.00,72.50,NULL,NULL,NULL,NULL,NULL,'36'),(425,1,'2023-04-15 03:00:00','Thunder','Rainy',41.00,8.70,15.20,10.30,6.70,'NE',8.20,70.00,8.00,72.50,NULL,NULL,NULL,NULL,NULL,'36'),(426,1,'2023-04-15 04:00:00','Thunder','Sunny',44.00,8.70,15.20,10.30,6.70,'NE',8.20,70.00,8.00,72.50,NULL,NULL,NULL,NULL,NULL,'44'),(427,1,'2023-04-15 05:00:00','Thunder','Sunny',43.00,8.70,15.20,10.30,6.70,'NE',8.20,70.00,8.00,72.50,NULL,NULL,NULL,NULL,NULL,'45'),(428,1,'2023-04-15 06:00:00','Thunder','Sunny',41.00,8.70,15.20,10.30,6.70,'NE',8.20,70.00,8.00,72.50,NULL,NULL,NULL,NULL,NULL,'46'),(429,1,'2023-04-15 07:00:00','Thunder','Sunny',42.00,8.70,15.20,10.30,6.70,'NE',8.20,70.00,8.00,72.50,NULL,NULL,NULL,NULL,NULL,'47'),(430,1,'2023-04-15 08:00:00','Thunder','Sunny',43.00,8.70,15.20,10.30,6.70,'NE',8.20,70.00,8.00,72.50,NULL,NULL,NULL,NULL,NULL,'48'),(431,1,'2023-04-15 09:00:00','Thunder','Sunny',44.00,8.70,15.20,10.30,6.70,'NE',8.20,70.00,8.00,72.50,NULL,NULL,NULL,NULL,NULL,'49'),(432,1,'2023-04-15 10:00:00','Thunder','Sunny',45.00,8.70,15.20,10.30,6.70,'NE',8.20,70.00,8.00,72.50,NULL,NULL,NULL,NULL,NULL,'40'),(433,1,'2023-04-15 11:00:00','Thunder','Sunny',46.00,8.70,15.20,10.30,6.70,'NE',8.20,70.00,8.00,72.50,NULL,NULL,NULL,NULL,NULL,'40'),(434,1,'2023-04-15 12:00:00','Thunder','Sunny',47.00,8.70,15.20,10.30,6.70,'NE',8.20,70.00,8.00,72.50,NULL,NULL,NULL,NULL,NULL,'40'),(435,1,'2023-04-15 13:00:00','Thunder','Sunny',48.00,8.70,15.20,10.30,6.70,'NE',8.20,70.00,8.00,72.50,NULL,NULL,NULL,NULL,NULL,'40'),(436,1,'2023-04-15 14:00:00','Thunder','Sunny',49.00,8.70,15.20,10.30,6.70,'NE',8.20,70.00,8.00,72.50,NULL,NULL,NULL,NULL,NULL,'40'),(437,1,'2023-04-15 15:00:00','Thunder','Sunny',47.00,8.70,15.20,10.30,6.70,'NE',8.20,70.00,8.00,72.50,NULL,NULL,NULL,NULL,NULL,'40'),(438,1,'2023-04-15 16:00:00','Thunder','Rainy',46.00,8.70,15.20,10.30,6.70,'NE',8.20,70.00,8.00,72.50,NULL,NULL,NULL,NULL,NULL,'38'),(439,1,'2023-04-15 17:00:00','Thunder','Rainy',45.00,8.70,15.20,10.30,6.70,'NE',8.20,70.00,8.00,72.50,NULL,NULL,NULL,NULL,NULL,'34'),(440,1,'2023-04-15 18:00:00','Thunder','Rainy',44.00,8.70,15.20,10.30,6.70,'NE',8.20,70.00,8.00,72.50,NULL,NULL,NULL,NULL,NULL,'33'),(441,1,'2023-04-15 19:00:00','Thunder','Rainy',47.00,8.70,15.20,10.30,6.70,'NE',8.20,70.00,8.00,72.50,NULL,NULL,NULL,NULL,NULL,'32'),(442,1,'2023-04-15 20:00:00','Thunder','Rainy',46.00,8.70,15.20,10.30,6.70,'NE',8.20,70.00,8.00,72.50,NULL,NULL,NULL,NULL,NULL,'32'),(443,1,'2023-04-15 21:00:00','Thunder','Rainy',48.00,8.70,15.20,10.30,6.70,'NE',8.20,70.00,8.00,72.50,NULL,NULL,NULL,NULL,NULL,'32'),(444,1,'2023-04-15 22:00:00','Thunder','Rainy',41.00,8.70,15.20,10.30,6.70,'NE',8.20,70.00,8.00,72.50,NULL,NULL,NULL,NULL,NULL,'46'),(445,1,'2023-04-15 23:00:00','Thunder','Rainy',47.00,8.70,15.20,10.30,6.70,'NE',8.20,70.00,8.00,72.50,NULL,NULL,NULL,NULL,NULL,'46'),(446,1,'2023-04-16 00:00:00','Thunder','Rainy',45.00,8.70,15.20,10.30,6.70,'NE',8.20,70.00,8.00,72.50,NULL,NULL,NULL,NULL,NULL,'46'),(447,1,'2023-04-16 01:00:00','Thunder','Rainy',44.00,8.70,15.20,10.30,6.70,'NE',8.20,70.00,8.00,72.50,NULL,NULL,NULL,NULL,NULL,'46'),(448,1,'2023-04-16 02:00:00','Thunder','Rainy',43.00,8.70,15.20,10.30,6.70,'NE',8.20,70.00,8.00,72.50,NULL,NULL,NULL,NULL,NULL,'36'),(449,1,'2023-04-16 03:00:00','Thunder','Rainy',41.00,8.70,15.20,10.30,6.70,'NE',8.20,70.00,8.00,72.50,NULL,NULL,NULL,NULL,NULL,'36'),(589,21,'2023-04-10 09:00:00','Thunder','Heavy Rain',40.00,8.70,15.20,10.30,6.70,'NE',8.20,70.00,8.00,72.50,NULL,NULL,NULL,NULL,NULL,'35'),(590,21,'2023-04-10 10:00:00','Thunder','Heavy Rain',40.00,8.70,15.20,10.30,6.70,'NE',8.20,70.00,8.00,72.50,NULL,NULL,NULL,NULL,NULL,'36'),(591,21,'2023-04-10 11:00:00','Thunder','Heavy Rain',38.00,8.70,15.20,10.30,6.70,'NE',8.20,70.00,8.00,72.50,NULL,NULL,NULL,NULL,NULL,'37'),(592,21,'2023-04-10 12:00:00','Thunder','Heavy Rain',36.00,8.70,15.20,10.30,6.70,'NE',8.20,70.00,8.00,72.50,NULL,NULL,NULL,NULL,NULL,'38'),(593,21,'2023-04-10 13:00:00','Thunder','Heavy Rain',37.00,8.70,15.20,10.30,6.70,'NE',8.20,70.00,8.00,72.50,NULL,NULL,NULL,NULL,NULL,'39'),(594,21,'2023-04-10 14:00:00','','Sunny',42.00,8.70,15.20,10.30,6.70,'NE',8.20,70.00,8.00,72.50,NULL,NULL,NULL,NULL,NULL,'40'),(595,21,'2023-04-10 15:00:00','','Sunny',40.00,8.70,15.20,10.30,6.70,'NE',8.20,70.00,8.00,72.50,NULL,NULL,NULL,NULL,NULL,'41'),(596,21,'2023-04-10 16:00:00','','Sunny',42.00,8.70,15.20,10.30,6.70,'NE',8.20,70.00,8.00,72.50,NULL,NULL,NULL,NULL,NULL,'42'),(597,21,'2023-04-10 17:00:00','','Sunny',43.00,8.70,15.20,10.30,6.70,'NE',8.20,70.00,8.00,72.50,NULL,NULL,NULL,NULL,NULL,'43'),(598,21,'2023-04-10 18:00:00','','Rainy',46.00,8.70,15.20,10.30,6.70,'NE',8.20,70.00,8.00,72.50,NULL,NULL,NULL,NULL,NULL,'44'),(599,21,'2023-04-10 19:00:00','','Rainy',47.00,8.70,15.20,10.30,6.70,'NE',8.20,70.00,8.00,72.50,NULL,NULL,NULL,NULL,NULL,'45'),(600,21,'2023-04-10 20:00:00','','Rainy',49.00,8.70,15.20,10.30,6.70,'NE',8.20,70.00,8.00,72.50,NULL,NULL,NULL,NULL,NULL,'45'),(601,21,'2023-04-10 21:00:00','','Windy',47.00,8.70,15.20,10.30,6.70,'NE',8.20,70.00,8.00,72.50,NULL,NULL,NULL,NULL,NULL,'45'),(602,21,'2023-04-10 22:00:00','','Rainy',40.00,8.70,15.20,10.30,6.70,'NE',8.20,70.00,8.00,72.50,NULL,NULL,NULL,NULL,NULL,'49'),(603,21,'2023-04-10 23:00:00','Thunder','Sunny',38.00,8.70,15.20,10.30,6.70,'NE',8.20,70.00,8.00,72.50,NULL,NULL,NULL,NULL,NULL,'48'),(604,21,'2023-04-11 00:00:00','Thunder','Sunny',39.00,8.70,15.20,10.30,6.70,'NE',8.20,70.00,8.00,72.50,NULL,NULL,NULL,NULL,NULL,'40'),(605,21,'2023-04-11 01:00:00','Thunder','Sunny',42.00,8.70,15.20,10.30,6.70,'NE',8.20,70.00,8.00,72.50,NULL,NULL,NULL,NULL,NULL,'33'),(606,21,'2023-04-11 02:00:00','Thunder','Sunny',41.00,8.70,15.20,10.30,6.70,'NE',8.20,70.00,8.00,72.50,NULL,NULL,NULL,NULL,NULL,'31'),(607,21,'2023-04-11 03:00:00','Thunder','Sunny',40.00,8.70,15.20,10.30,6.70,'NE',8.20,70.00,8.00,72.50,NULL,NULL,NULL,NULL,NULL,'32'),(608,21,'2023-04-11 04:00:00','Thunder','Rainy',41.00,8.70,15.20,10.30,6.70,'NE',8.20,70.00,8.00,72.50,NULL,NULL,NULL,NULL,NULL,'35'),(609,21,'2023-04-11 05:00:00','Thunder','Rainy',42.00,8.70,15.20,10.30,6.70,'NE',8.20,70.00,8.00,72.50,NULL,NULL,NULL,NULL,NULL,'36'),(610,21,'2023-04-11 06:00:00','Thunder','Rainy',43.00,8.70,15.20,10.30,6.70,'NE',8.20,70.00,8.00,72.50,NULL,NULL,NULL,NULL,NULL,'35'),(611,21,'2023-04-11 07:00:00','Thunder','Rainy',36.00,8.70,15.20,10.30,6.70,'NE',8.20,70.00,8.00,72.50,NULL,NULL,NULL,NULL,NULL,'36'),(612,21,'2023-04-11 08:00:00','Thunder','Rainy',37.00,8.70,15.20,10.30,6.70,'NE',8.20,70.00,8.00,72.50,NULL,NULL,NULL,NULL,NULL,'35'),(613,21,'2023-04-11 09:00:00','Thunder','Rainy',34.00,8.70,15.20,10.30,6.70,'NE',8.20,70.00,8.00,72.50,NULL,NULL,NULL,NULL,NULL,'36'),(614,21,'2023-04-11 10:00:00','Thunder','Rainy',33.00,8.70,15.20,10.30,6.70,'NE',8.20,70.00,8.00,72.50,NULL,NULL,NULL,NULL,NULL,'35'),(615,21,'2023-04-11 11:00:00','Thunder','Rainy',37.00,8.70,15.20,10.30,6.70,'NE',8.20,70.00,8.00,72.50,NULL,NULL,NULL,NULL,NULL,'36'),(616,21,'2023-04-11 12:00:00','Thunder','Rainy',39.00,8.70,15.20,10.30,6.70,'NE',8.20,70.00,8.00,72.50,NULL,NULL,NULL,NULL,NULL,'35'),(617,21,'2023-04-11 13:00:00','Thunder','Sunny',40.00,8.70,15.20,10.30,6.70,'NE',8.20,70.00,8.00,72.50,NULL,NULL,NULL,NULL,NULL,'38'),(618,21,'2023-04-11 14:00:00','Thunder','Sunny',41.00,8.70,15.20,10.30,6.70,'NE',8.20,70.00,8.00,72.50,NULL,NULL,NULL,NULL,NULL,'36'),(619,21,'2023-04-11 15:00:00','Thunder','Sunny',42.00,8.70,15.20,10.30,6.70,'NE',8.20,70.00,8.00,72.50,NULL,NULL,NULL,NULL,NULL,'31'),(620,21,'2023-04-11 16:00:00','Thunder','Sunny',43.00,8.70,15.20,10.30,6.70,'NE',8.20,70.00,8.00,72.50,NULL,NULL,NULL,NULL,NULL,'32'),(621,21,'2023-04-11 17:00:00','Thunder','Sunny',44.00,8.70,15.20,10.30,6.70,'NE',8.20,70.00,8.00,72.50,NULL,NULL,NULL,NULL,NULL,'33'),(622,21,'2023-04-11 18:00:00','Thunder','Sunny',45.00,8.70,15.20,10.30,6.70,'NE',8.20,70.00,8.00,72.50,NULL,NULL,NULL,NULL,NULL,'34'),(623,21,'2023-04-11 19:00:00','Thunder','Sunny',46.00,8.70,15.20,10.30,6.70,'NE',8.20,70.00,8.00,72.50,NULL,NULL,NULL,NULL,NULL,'45'),(624,21,'2023-04-11 20:00:00','Thunder','Sunny',47.00,8.70,15.20,10.30,6.70,'NE',8.20,70.00,8.00,72.50,NULL,NULL,NULL,NULL,NULL,'44'),(625,21,'2023-04-11 21:00:00','Thunder','Sunny',48.00,8.70,15.20,10.30,6.70,'NE',8.20,70.00,8.00,72.50,NULL,NULL,NULL,NULL,NULL,'46'),(626,21,'2023-04-11 22:00:00','Thunder','Sunny',49.00,8.70,15.20,10.30,6.70,'NE',8.20,70.00,8.00,72.50,NULL,NULL,NULL,NULL,NULL,'45'),(627,21,'2023-04-11 23:00:00','Thunder','Sunny',50.00,8.70,15.20,10.30,6.70,'NE',8.20,70.00,8.00,72.50,NULL,NULL,NULL,NULL,NULL,'48'),(628,21,'2023-04-12 00:00:00','Thunder','Sunny',44.00,8.70,15.20,10.30,6.70,'NE',8.20,70.00,8.00,72.50,NULL,NULL,NULL,NULL,NULL,'23'),(629,21,'2023-04-12 01:00:00','Thunder','Sunny',46.00,8.70,15.20,10.30,6.70,'NE',8.20,70.00,8.00,72.50,NULL,NULL,NULL,NULL,NULL,'40'),(630,21,'2023-04-12 02:00:00','Thunder','Sunny',48.00,8.70,15.20,10.30,6.70,'NE',8.20,70.00,8.00,72.50,NULL,NULL,NULL,NULL,NULL,'42'),(631,21,'2023-04-12 03:00:00','Thunder','Sunny',45.00,8.70,15.20,10.30,6.70,'NE',8.20,70.00,8.00,72.50,NULL,NULL,NULL,NULL,NULL,'43'),(632,21,'2023-04-12 04:00:00','Thunder','Sunny',44.00,8.70,15.20,10.30,6.70,'NE',8.20,70.00,8.00,72.50,NULL,NULL,NULL,NULL,NULL,'44'),(633,21,'2023-04-12 05:00:00','Thunder','Sunny',43.00,8.70,15.20,10.30,6.70,'NE',8.20,70.00,8.00,72.50,NULL,NULL,NULL,NULL,NULL,'45'),(634,21,'2023-04-12 06:00:00','Thunder','Sunny',41.00,8.70,15.20,10.30,6.70,'NE',8.20,70.00,8.00,72.50,NULL,NULL,NULL,NULL,NULL,'46'),(635,21,'2023-04-12 07:00:00','Thunder','Sunny',42.00,8.70,15.20,10.30,6.70,'NE',8.20,70.00,8.00,72.50,NULL,NULL,NULL,NULL,NULL,'47'),(636,21,'2023-04-12 08:00:00','Thunder','Sunny',43.00,8.70,15.20,10.30,6.70,'NE',8.20,70.00,8.00,72.50,NULL,NULL,NULL,NULL,NULL,'48'),(637,21,'2023-04-12 09:00:00','Thunder','Sunny',44.00,8.70,15.20,10.30,6.70,'NE',8.20,70.00,8.00,72.50,NULL,NULL,NULL,NULL,NULL,'49'),(638,21,'2023-04-12 10:00:00','Thunder','Sunny',45.00,8.70,15.20,10.30,6.70,'NE',8.20,70.00,8.00,72.50,NULL,NULL,NULL,NULL,NULL,'40'),(639,21,'2023-04-12 11:00:00','Thunder','Sunny',46.00,8.70,15.20,10.30,6.70,'NE',8.20,70.00,8.00,72.50,NULL,NULL,NULL,NULL,NULL,'40'),(640,21,'2023-04-12 12:00:00','Thunder','Sunny',47.00,8.70,15.20,10.30,6.70,'NE',8.20,70.00,8.00,72.50,NULL,NULL,NULL,NULL,NULL,'40'),(641,21,'2023-04-12 13:00:00','Thunder','Sunny',48.00,8.70,15.20,10.30,6.70,'NE',8.20,70.00,8.00,72.50,NULL,NULL,NULL,NULL,NULL,'40'),(642,21,'2023-04-12 14:00:00','Thunder','Sunny',49.00,8.70,15.20,10.30,6.70,'NE',8.20,70.00,8.00,72.50,NULL,NULL,NULL,NULL,NULL,'40'),(643,21,'2023-04-12 15:00:00','Thunder','Sunny',47.00,8.70,15.20,10.30,6.70,'NE',8.20,70.00,8.00,72.50,NULL,NULL,NULL,NULL,NULL,'40'),(644,21,'2023-04-12 16:00:00','Thunder','Rainy',46.00,8.70,15.20,10.30,6.70,'NE',8.20,70.00,8.00,72.50,NULL,NULL,NULL,NULL,NULL,'38'),(645,21,'2023-04-12 17:00:00','Thunder','Rainy',45.00,8.70,15.20,10.30,6.70,'NE',8.20,70.00,8.00,72.50,NULL,NULL,NULL,NULL,NULL,'34'),(646,21,'2023-04-12 18:00:00','Thunder','Rainy',44.00,8.70,15.20,10.30,6.70,'NE',8.20,70.00,8.00,72.50,NULL,NULL,NULL,NULL,NULL,'33'),(647,21,'2023-04-12 19:00:00','Thunder','Rainy',47.00,8.70,15.20,10.30,6.70,'NE',8.20,70.00,8.00,72.50,NULL,NULL,NULL,NULL,NULL,'32'),(648,21,'2023-04-12 20:00:00','Thunder','Rainy',46.00,8.70,15.20,10.30,6.70,'NE',8.20,70.00,8.00,72.50,NULL,NULL,NULL,NULL,NULL,'32'),(649,21,'2023-04-12 21:00:00','Thunder','Rainy',48.00,8.70,15.20,10.30,6.70,'NE',8.20,70.00,8.00,72.50,NULL,NULL,NULL,NULL,NULL,'32'),(650,21,'2023-04-12 22:00:00','Thunder','Rainy',41.00,8.70,15.20,10.30,6.70,'NE',8.20,70.00,8.00,72.50,NULL,NULL,NULL,NULL,NULL,'46'),(651,21,'2023-04-12 23:00:00','Thunder','Rainy',47.00,8.70,15.20,10.30,6.70,'NE',8.20,70.00,8.00,72.50,NULL,NULL,NULL,NULL,NULL,'46'),(652,21,'2023-04-13 00:00:00','Thunder','Rainy',45.00,8.70,15.20,10.30,6.70,'NE',8.20,70.00,8.00,72.50,NULL,NULL,NULL,NULL,NULL,'46'),(653,21,'2023-04-13 01:00:00','Thunder','Rainy',44.00,8.70,15.20,10.30,6.70,'NE',8.20,70.00,8.00,72.50,NULL,NULL,NULL,NULL,NULL,'46'),(654,21,'2023-04-13 02:00:00','Thunder','Rainy',43.00,8.70,15.20,10.30,6.70,'NE',8.20,70.00,8.00,72.50,NULL,NULL,NULL,NULL,NULL,'36'),(655,21,'2023-04-13 03:00:00','Thunder','Rainy',41.00,8.70,15.20,10.30,6.70,'NE',8.20,70.00,8.00,72.50,NULL,NULL,NULL,NULL,NULL,'36'),(656,21,'2023-04-13 04:00:00','Thunder','Sunny',44.00,8.70,15.20,10.30,6.70,'NE',8.20,70.00,8.00,72.50,NULL,NULL,NULL,NULL,NULL,'44'),(657,21,'2023-04-13 05:00:00','Thunder','Sunny',43.00,8.70,15.20,10.30,6.70,'NE',8.20,70.00,8.00,72.50,NULL,NULL,NULL,NULL,NULL,'45'),(658,21,'2023-04-13 06:00:00','Thunder','Sunny',41.00,8.70,15.20,10.30,6.70,'NE',8.20,70.00,8.00,72.50,NULL,NULL,NULL,NULL,NULL,'46'),(659,21,'2023-04-13 07:00:00','Thunder','Sunny',42.00,8.70,15.20,10.30,6.70,'NE',8.20,70.00,8.00,72.50,NULL,NULL,NULL,NULL,NULL,'47'),(660,21,'2023-04-13 08:00:00','Thunder','Sunny',43.00,8.70,15.20,10.30,6.70,'NE',8.20,70.00,8.00,72.50,NULL,NULL,NULL,NULL,NULL,'48'),(661,21,'2023-04-13 09:00:00','Thunder','Sunny',44.00,8.70,15.20,10.30,6.70,'NE',8.20,70.00,8.00,72.50,NULL,NULL,NULL,NULL,NULL,'49'),(662,21,'2023-04-13 10:00:00','Thunder','Sunny',45.00,8.70,15.20,10.30,6.70,'NE',8.20,70.00,8.00,72.50,NULL,NULL,NULL,NULL,NULL,'40'),(663,21,'2023-04-13 11:00:00','Thunder','Sunny',46.00,8.70,15.20,10.30,6.70,'NE',8.20,70.00,8.00,72.50,NULL,NULL,NULL,NULL,NULL,'40'),(664,21,'2023-04-13 12:00:00','Thunder','Sunny',47.00,8.70,15.20,10.30,6.70,'NE',8.20,70.00,8.00,72.50,NULL,NULL,NULL,NULL,NULL,'40'),(665,21,'2023-04-13 13:00:00','Thunder','Sunny',48.00,8.70,15.20,10.30,6.70,'NE',8.20,70.00,8.00,72.50,NULL,NULL,NULL,NULL,NULL,'40'),(666,21,'2023-04-13 14:00:00','Thunder','Sunny',49.00,8.70,15.20,10.30,6.70,'NE',8.20,70.00,8.00,72.50,NULL,NULL,NULL,NULL,NULL,'40'),(667,21,'2023-04-13 15:00:00','Thunder','Sunny',47.00,8.70,15.20,10.30,6.70,'NE',8.20,70.00,8.00,72.50,NULL,NULL,NULL,NULL,NULL,'40'),(668,21,'2023-04-13 16:00:00','Thunder','Rainy',46.00,8.70,15.20,10.30,6.70,'NE',8.20,70.00,8.00,72.50,NULL,NULL,NULL,NULL,NULL,'38'),(669,21,'2023-04-13 17:00:00','Thunder','Rainy',45.00,8.70,15.20,10.30,6.70,'NE',8.20,70.00,8.00,72.50,NULL,NULL,NULL,NULL,NULL,'34'),(670,21,'2023-04-13 18:00:00','Thunder','Rainy',44.00,8.70,15.20,10.30,6.70,'NE',8.20,70.00,8.00,72.50,NULL,NULL,NULL,NULL,NULL,'33'),(671,21,'2023-04-13 19:00:00','Thunder','Rainy',47.00,8.70,15.20,10.30,6.70,'NE',8.20,70.00,8.00,72.50,NULL,NULL,NULL,NULL,NULL,'32'),(672,21,'2023-04-13 20:00:00','Thunder','Rainy',46.00,8.70,15.20,10.30,6.70,'NE',8.20,70.00,8.00,72.50,NULL,NULL,NULL,NULL,NULL,'32'),(673,21,'2023-04-13 21:00:00','Thunder','Rainy',48.00,8.70,15.20,10.30,6.70,'NE',8.20,70.00,8.00,72.50,NULL,NULL,NULL,NULL,NULL,'32'),(674,21,'2023-04-13 22:00:00','Thunder','Rainy',41.00,8.70,15.20,10.30,6.70,'NE',8.20,70.00,8.00,72.50,NULL,NULL,NULL,NULL,NULL,'46'),(675,21,'2023-04-13 23:00:00','Thunder','Rainy',47.00,8.70,15.20,10.30,6.70,'NE',8.20,70.00,8.00,72.50,NULL,NULL,NULL,NULL,NULL,'46'),(676,21,'2023-04-14 00:00:00','Thunder','Rainy',45.00,8.70,15.20,10.30,6.70,'NE',8.20,70.00,8.00,72.50,NULL,NULL,NULL,NULL,NULL,'46'),(677,21,'2023-04-14 01:00:00','Thunder','Rainy',44.00,8.70,15.20,10.30,6.70,'NE',8.20,70.00,8.00,72.50,NULL,NULL,NULL,NULL,NULL,'46'),(678,21,'2023-04-14 02:00:00','Thunder','Rainy',43.00,8.70,15.20,10.30,6.70,'NE',8.20,70.00,8.00,72.50,NULL,NULL,NULL,NULL,NULL,'36'),(679,21,'2023-04-14 03:00:00','Thunder','Rainy',41.00,8.70,15.20,10.30,6.70,'NE',8.20,70.00,8.00,72.50,NULL,NULL,NULL,NULL,NULL,'36'),(680,21,'2023-04-14 04:00:00','Thunder','Sunny',44.00,8.70,15.20,10.30,6.70,'NE',8.20,70.00,8.00,72.50,NULL,NULL,NULL,NULL,NULL,'44'),(681,21,'2023-04-14 05:00:00','Thunder','Sunny',43.00,8.70,15.20,10.30,6.70,'NE',8.20,70.00,8.00,72.50,NULL,NULL,NULL,NULL,NULL,'45'),(682,21,'2023-04-14 06:00:00','Thunder','Sunny',41.00,8.70,15.20,10.30,6.70,'NE',8.20,70.00,8.00,72.50,NULL,NULL,NULL,NULL,NULL,'46'),(683,21,'2023-04-14 07:00:00','Thunder','Sunny',42.00,8.70,15.20,10.30,6.70,'NE',8.20,70.00,8.00,72.50,NULL,NULL,NULL,NULL,NULL,'47'),(684,21,'2023-04-14 08:00:00','Thunder','Sunny',43.00,8.70,15.20,10.30,6.70,'NE',8.20,70.00,8.00,72.50,NULL,NULL,NULL,NULL,NULL,'48'),(685,21,'2023-04-14 09:00:00','Thunder','Sunny',44.00,8.70,15.20,10.30,6.70,'NE',8.20,70.00,8.00,72.50,NULL,NULL,NULL,NULL,NULL,'49'),(686,21,'2023-04-14 10:00:00','Thunder','Sunny',45.00,8.70,15.20,10.30,6.70,'NE',8.20,70.00,8.00,72.50,NULL,NULL,NULL,NULL,NULL,'40'),(687,21,'2023-04-14 11:00:00','Thunder','Sunny',46.00,8.70,15.20,10.30,6.70,'NE',8.20,70.00,8.00,72.50,NULL,NULL,NULL,NULL,NULL,'40'),(688,21,'2023-04-14 12:00:00','Thunder','Sunny',47.00,8.70,15.20,10.30,6.70,'NE',8.20,70.00,8.00,72.50,NULL,NULL,NULL,NULL,NULL,'40'),(689,21,'2023-04-14 13:00:00','Thunder','Sunny',48.00,8.70,15.20,10.30,6.70,'NE',8.20,70.00,8.00,72.50,NULL,NULL,NULL,NULL,NULL,'40'),(690,21,'2023-04-14 14:00:00','Thunder','Sunny',49.00,8.70,15.20,10.30,6.70,'NE',8.20,70.00,8.00,72.50,NULL,NULL,NULL,NULL,NULL,'40'),(691,21,'2023-04-14 15:00:00','Thunder','Sunny',47.00,8.70,15.20,10.30,6.70,'NE',8.20,70.00,8.00,72.50,NULL,NULL,NULL,NULL,NULL,'40'),(692,21,'2023-04-14 16:00:00','Thunder','Rainy',46.00,8.70,15.20,10.30,6.70,'NE',8.20,70.00,8.00,72.50,NULL,NULL,NULL,NULL,NULL,'38'),(693,21,'2023-04-14 17:00:00','Thunder','Rainy',45.00,8.70,15.20,10.30,6.70,'NE',8.20,70.00,8.00,72.50,NULL,NULL,NULL,NULL,NULL,'34'),(694,21,'2023-04-14 18:00:00','Thunder','Rainy',44.00,8.70,15.20,10.30,6.70,'NE',8.20,70.00,8.00,72.50,NULL,NULL,NULL,NULL,NULL,'33'),(695,21,'2023-04-14 19:00:00','Thunder','Rainy',47.00,8.70,15.20,10.30,6.70,'NE',8.20,70.00,8.00,72.50,NULL,NULL,NULL,NULL,NULL,'32'),(696,21,'2023-04-14 20:00:00','Thunder','Rainy',46.00,8.70,15.20,10.30,6.70,'NE',8.20,70.00,8.00,72.50,NULL,NULL,NULL,NULL,NULL,'32'),(697,21,'2023-04-14 21:00:00','Thunder','Rainy',48.00,8.70,15.20,10.30,6.70,'NE',8.20,70.00,8.00,72.50,NULL,NULL,NULL,NULL,NULL,'32'),(698,21,'2023-04-14 22:00:00','Thunder','Rainy',41.00,8.70,15.20,10.30,6.70,'NE',8.20,70.00,8.00,72.50,NULL,NULL,NULL,NULL,NULL,'46'),(699,21,'2023-04-14 23:00:00','Thunder','Rainy',47.00,8.70,15.20,10.30,6.70,'NE',8.20,70.00,8.00,72.50,NULL,NULL,NULL,NULL,NULL,'46'),(700,21,'2023-04-15 00:00:00','Thunder','Rainy',45.00,8.70,15.20,10.30,6.70,'NE',8.20,70.00,8.00,72.50,NULL,NULL,NULL,NULL,NULL,'46'),(701,21,'2023-04-15 01:00:00','Thunder','Rainy',44.00,8.70,15.20,10.30,6.70,'NE',8.20,70.00,8.00,72.50,NULL,NULL,NULL,NULL,NULL,'46'),(702,21,'2023-04-15 02:00:00','Thunder','Rainy',43.00,8.70,15.20,10.30,6.70,'NE',8.20,70.00,8.00,72.50,NULL,NULL,NULL,NULL,NULL,'36'),(703,21,'2023-04-15 03:00:00','Thunder','Rainy',41.00,8.70,15.20,10.30,6.70,'NE',8.20,70.00,8.00,72.50,NULL,NULL,NULL,NULL,NULL,'36'),(704,21,'2023-04-15 04:00:00','Thunder','Sunny',44.00,8.70,15.20,10.30,6.70,'NE',8.20,70.00,8.00,72.50,NULL,NULL,NULL,NULL,NULL,'44'),(705,21,'2023-04-15 05:00:00','Thunder','Sunny',43.00,8.70,15.20,10.30,6.70,'NE',8.20,70.00,8.00,72.50,NULL,NULL,NULL,NULL,NULL,'45'),(706,21,'2023-04-15 06:00:00','Thunder','Sunny',41.00,8.70,15.20,10.30,6.70,'NE',8.20,70.00,8.00,72.50,NULL,NULL,NULL,NULL,NULL,'46'),(707,21,'2023-04-15 07:00:00','Thunder','Sunny',42.00,8.70,15.20,10.30,6.70,'NE',8.20,70.00,8.00,72.50,NULL,NULL,NULL,NULL,NULL,'47'),(708,21,'2023-04-15 08:00:00','Thunder','Sunny',43.00,8.70,15.20,10.30,6.70,'NE',8.20,70.00,8.00,72.50,NULL,NULL,NULL,NULL,NULL,'48'),(709,21,'2023-04-15 09:00:00','Thunder','Sunny',44.00,8.70,15.20,10.30,6.70,'NE',8.20,70.00,8.00,72.50,NULL,NULL,NULL,NULL,NULL,'49'),(710,21,'2023-04-15 10:00:00','Thunder','Sunny',45.00,8.70,15.20,10.30,6.70,'NE',8.20,70.00,8.00,72.50,NULL,NULL,NULL,NULL,NULL,'40'),(711,21,'2023-04-15 11:00:00','Thunder','Sunny',46.00,8.70,15.20,10.30,6.70,'NE',8.20,70.00,8.00,72.50,NULL,NULL,NULL,NULL,NULL,'40'),(712,21,'2023-04-15 12:00:00','Thunder','Sunny',47.00,8.70,15.20,10.30,6.70,'NE',8.20,70.00,8.00,72.50,NULL,NULL,NULL,NULL,NULL,'40'),(713,21,'2023-04-15 13:00:00','Thunder','Sunny',48.00,8.70,15.20,10.30,6.70,'NE',8.20,70.00,8.00,72.50,NULL,NULL,NULL,NULL,NULL,'40'),(714,21,'2023-04-15 14:00:00','Thunder','Sunny',49.00,8.70,15.20,10.30,6.70,'NE',8.20,70.00,8.00,72.50,NULL,NULL,NULL,NULL,NULL,'40'),(715,21,'2023-04-15 15:00:00','Thunder','Sunny',47.00,8.70,15.20,10.30,6.70,'NE',8.20,70.00,8.00,72.50,NULL,NULL,NULL,NULL,NULL,'40'),(716,21,'2023-04-15 16:00:00','Thunder','Rainy',46.00,8.70,15.20,10.30,6.70,'NE',8.20,70.00,8.00,72.50,NULL,NULL,NULL,NULL,NULL,'38'),(717,21,'2023-04-15 17:00:00','Thunder','Rainy',45.00,8.70,15.20,10.30,6.70,'NE',8.20,70.00,8.00,72.50,NULL,NULL,NULL,NULL,NULL,'34'),(718,21,'2023-04-15 18:00:00','Thunder','Rainy',44.00,8.70,15.20,10.30,6.70,'NE',8.20,70.00,8.00,72.50,NULL,NULL,NULL,NULL,NULL,'33'),(719,21,'2023-04-15 19:00:00','Thunder','Rainy',47.00,8.70,15.20,10.30,6.70,'NE',8.20,70.00,8.00,72.50,NULL,NULL,NULL,NULL,NULL,'32'),(720,21,'2023-04-15 20:00:00','Thunder','Rainy',46.00,8.70,15.20,10.30,6.70,'NE',8.20,70.00,8.00,72.50,NULL,NULL,NULL,NULL,NULL,'32'),(721,21,'2023-04-15 21:00:00','Thunder','Rainy',48.00,8.70,15.20,10.30,6.70,'NE',8.20,70.00,8.00,72.50,NULL,NULL,NULL,NULL,NULL,'32'),(722,21,'2023-04-15 22:00:00','Thunder','Rainy',41.00,8.70,15.20,10.30,6.70,'NE',8.20,70.00,8.00,72.50,NULL,NULL,NULL,NULL,NULL,'46'),(723,21,'2023-04-15 23:00:00','Thunder','Rainy',47.00,8.70,15.20,10.30,6.70,'NE',8.20,70.00,8.00,72.50,NULL,NULL,NULL,NULL,NULL,'46'),(724,21,'2023-04-16 00:00:00','Thunder','Rainy',45.00,8.70,15.20,10.30,6.70,'NE',8.20,70.00,8.00,72.50,NULL,NULL,NULL,NULL,NULL,'46'),(725,21,'2023-04-16 01:00:00','Thunder','Rainy',44.00,8.70,15.20,10.30,6.70,'NE',8.20,70.00,8.00,72.50,NULL,NULL,NULL,NULL,NULL,'46'),(726,21,'2023-04-16 02:00:00','Thunder','Rainy',43.00,8.70,15.20,10.30,6.70,'NE',8.20,70.00,8.00,72.50,NULL,NULL,NULL,NULL,NULL,'36'),(727,21,'2023-04-16 03:00:00','Thunder','Rainy',41.00,8.70,15.20,10.30,6.70,'NE',8.20,70.00,8.00,72.50,NULL,NULL,NULL,NULL,NULL,'36');
/*!40000 ALTER TABLE `weather` ENABLE KEYS */;
UNLOCK TABLES;
/*!40103 SET TIME_ZONE=@OLD_TIME_ZONE */;

/*!40101 SET SQL_MODE=@OLD_SQL_MODE */;
/*!40014 SET FOREIGN_KEY_CHECKS=@OLD_FOREIGN_KEY_CHECKS */;
/*!40014 SET UNIQUE_CHECKS=@OLD_UNIQUE_CHECKS */;
/*!40101 SET CHARACTER_SET_CLIENT=@OLD_CHARACTER_SET_CLIENT */;
/*!40101 SET CHARACTER_SET_RESULTS=@OLD_CHARACTER_SET_RESULTS */;
/*!40101 SET COLLATION_CONNECTION=@OLD_COLLATION_CONNECTION */;
/*!40111 SET SQL_NOTES=@OLD_SQL_NOTES */;

-- Dump completed on 2023-04-11 12:52:30
